{"image": "S001-09-t10_01.jpg", "bboxes": [[0.21777777777777774, 0.33111111111111113, 0.7555555555555555, 1.0]], "class": 1}