{"image": "S001-09-t10_01.jpg", "bboxes": [[0.26, 0.16666666666666663, 0.7977777777777778, 0.9333333333333333]], "class": 1}