{"image": "S001-09-t10_01.jpg", "bboxes": [[0.28444444444444444, 0.11777777777777777, 0.8222222222222222, 0.8844444444444445]], "class": 1}