{"image": "S001-09-t10_01.jpg", "bboxes": [[0.22666666666666666, 0.0, 0.7644444444444445, 0.6333333333333333]], "class": 1}