{"image": "S001-09-t10_01.jpg", "bboxes": [[0.22444444444444445, 0.0, 0.7622222222222222, 0.7222222222222222]], "class": 1}