{"image": "S001-09-t10_01.jpg", "bboxes": [[0.23555555555555552, 0.008888888888888889, 0.7733333333333333, 0.7755555555555556]], "class": 1}