{"image": "S001-09-t10_01.jpg", "bboxes": [[0.24, 0.0, 0.7777777777777778, 0.6955555555555556]], "class": 1}