{"image": "S001-09-t10_01.jpg", "bboxes": [[0.20666666666666667, 0.0, 0.7444444444444445, 0.7577777777777778]], "class": 1}