{"image": "S001-09-t10_01.jpg", "bboxes": [[0.24666666666666667, 0.1333333333333333, 0.7844444444444445, 0.9]], "class": 1}