{"image": "S001-09-t10_01.jpg", "bboxes": [[0.2222222222222222, 0.16888888888888887, 0.76, 0.9355555555555556]], "class": 1}