{"image": "S001-09-t10_01.jpg", "bboxes": [[0.21333333333333337, 0.0, 0.7511111111111111, 0.64]], "class": 1}