{"image": "S001-09-t10_01.jpg", "bboxes": [[0.21777777777777774, 0.11333333333333329, 0.7555555555555555, 0.88]], "class": 1}