{"image": "S001-09-t10_01.jpg", "bboxes": [[0.2288888888888889, 0.0, 0.7666666666666667, 0.7444444444444445]], "class": 1}