{"image": "S001-09-t10_01.jpg", "bboxes": [[0.18666666666666665, 0.02, 0.7244444444444444, 0.7866666666666666]], "class": 1}