{"image": "S001-09-t10_01.jpg", "bboxes": [[0.2022222222222222, 0.07111111111111111, 0.74, 0.8377777777777777]], "class": 1}