{"image": "S001-09-t10_01.jpg", "bboxes": [[0.26222222222222225, 0.0, 0.8, 0.6511111111111111]], "class": 1}