{"image": "S001-09-t10_01.jpg", "bboxes": [[0.2644444444444444, 0.09777777777777778, 0.8022222222222222, 0.8644444444444445]], "class": 1}