{"image": "S001-09-t10_01.jpg", "bboxes": [[0.24666666666666667, 0.26888888888888884, 0.7844444444444445, 1.0]], "class": 1}