{"image": "S001-09-t10_01.jpg", "bboxes": [[0.18222222222222217, 0.044444444444444446, 0.72, 0.8111111111111111]], "class": 1}