{"image": "S001-09-t10_01.jpg", "bboxes": [[0.27555555555555555, 0.09777777777777778, 0.8133333333333334, 0.8644444444444445]], "class": 1}