{"image": "S001-09-t10_01.jpg", "bboxes": [[0.18000000000000005, 0.1511111111111111, 0.7177777777777778, 0.9177777777777778]], "class": 1}