{"image": "S001-09-t10_01.jpg", "bboxes": [[0.26666666666666666, 0.13333333333333333, 0.8044444444444444, 0.9]], "class": 1}