{"image": "S001-09-t10_01.jpg", "bboxes": [[0.23777777777777778, 0.19111111111111112, 0.7755555555555556, 0.9577777777777777]], "class": 1}