{"image": "S001-09-t10_01.jpg", "bboxes": [[0.2222222222222222, 0.12222222222222222, 0.76, 0.8888888888888888]], "class": 1}