{"image": "S001-09-t10_01.jpg", "bboxes": [[0.2155555555555555, 0.10666666666666669, 0.7533333333333333, 0.8733333333333333]], "class": 1}