{"image": "S001-09-t10_01.jpg", "bboxes": [[0.2644444444444444, 0.06222222222222218, 0.8022222222222222, 0.8288888888888889]], "class": 1}