{"image": "S001-09-t10_01.jpg", "bboxes": [[0.18000000000000005, 0.0, 0.7177777777777778, 0.6422222222222222]], "class": 1}