{"image": "S001-09-t10_01.jpg", "bboxes": [[0.2644444444444444, 0.3466666666666667, 0.8022222222222222, 1.0]], "class": 1}