{"image": "S001-09-t10_01.jpg", "bboxes": [[0.20444444444444443, 0.0, 0.7422222222222222, 0.7511111111111111]], "class": 1}