{"image": "S001-09-t10_01.jpg", "bboxes": [[0.26, 0.2866666666666666, 0.7977777777777778, 1.0]], "class": 1}