{"image": "S001-09-t10_01.jpg", "bboxes": [[0.18000000000000005, 0.36888888888888893, 0.7177777777777778, 1.0]], "class": 1}