{"image": "S001-09-t10_01.jpg", "bboxes": [[0.21999999999999997, 0.28, 0.7577777777777778, 1.0]], "class": 1}