{"image": "S001-09-t10_01.jpg", "bboxes": [[0.2222222222222222, 0.26222222222222225, 0.76, 1.0]], "class": 1}