{"image": "S001-09-t10_01.jpg", "bboxes": [[0.2644444444444444, 0.16, 0.8022222222222222, 0.9266666666666666]], "class": 1}