{"image": "S001-09-t10_01.jpg", "bboxes": [[0.23111111111111116, 0.07777777777777778, 0.768888888888889, 0.8444444444444444]], "class": 1}