{"image": "S001-09-t10_01.jpg", "bboxes": [[0.28444444444444444, 0.3488888888888889, 0.8222222222222222, 1.0]], "class": 1}