{"image": "S001-09-t10_01.jpg", "bboxes": [[0.2288888888888889, 0.19333333333333336, 0.7666666666666667, 0.96]], "class": 1}