{"image": "S001-09-t10_01.jpg", "bboxes": [[0.22666666666666668, 0.0, 0.7644444444444445, 0.6977777777777778]], "class": 1}