{"image": "S001-09-t10_01.jpg", "bboxes": [[0.26666666666666666, 0.1511111111111111, 0.8044444444444444, 0.9177777777777778]], "class": 1}