{"image": "S001-09-t10_01.jpg", "bboxes": [[0.28, 0.006666666666666667, 0.8177777777777778, 0.7733333333333333]], "class": 1}