{"image": "S001-09-t10_01.jpg", "bboxes": [[0.23555555555555555, 0.0, 0.7733333333333333, 0.7355555555555555]], "class": 1}