{"image": "S001-09-t10_01.jpg", "bboxes": [[0.2822222222222222, 0.07777777777777778, 0.82, 0.8444444444444444]], "class": 1}