{"image": "S001-09-t10_01.jpg", "bboxes": [[0.23333333333333334, 0.13111111111111112, 0.7711111111111111, 0.8977777777777778]], "class": 1}