{"image": "S001-09-t10_01.jpg", "bboxes": [[0.24666666666666667, 0.07999999999999996, 0.7844444444444445, 0.8466666666666667]], "class": 1}