{"image": "S001-09-t10_01.jpg", "bboxes": [[0.23777777777777775, 0.3733333333333333, 0.7755555555555556, 1.0]], "class": 1}