{"image": "S001-09-t10_01.jpg", "bboxes": [[0.23777777777777775, 0.0, 0.7755555555555556, 0.7555555555555555]], "class": 1}