{"image": "S001-09-t10_01.jpg", "bboxes": [[0.23555555555555552, 0.11777777777777777, 0.7733333333333333, 0.8844444444444445]], "class": 1}