{"image": "S001-09-t10_01.jpg", "bboxes": [[0.19333333333333336, 0.0, 0.731111111111111, 0.7111111111111111]], "class": 1}