{"image": "S001-09-t10_01.jpg", "bboxes": [[0.21111111111111114, 0.0044444444444444444, 0.7488888888888889, 0.7711111111111111]], "class": 1}