{"image": "S001-09-t10_01.jpg", "bboxes": [[0.20666666666666667, 0.3044444444444444, 0.7444444444444445, 1.0]], "class": 1}