{"image": "S001-09-t10_01.jpg", "bboxes": [[0.22444444444444445, 0.13555555555555554, 0.7622222222222222, 0.9022222222222223]], "class": 1}