{"image": "S001-09-t10_01.jpg", "bboxes": [[0.2222222222222222, 0.12444444444444444, 0.76, 0.8911111111111111]], "class": 1}