{"image": "S001-09-t10_01.jpg", "bboxes": [[0.2866666666666667, 0.3733333333333333, 0.8244444444444444, 1.0]], "class": 1}