{"image": "S001-09-t10_01.jpg", "bboxes": [[0.28888888888888886, 0.12444444444444444, 0.8266666666666667, 0.8911111111111111]], "class": 1}