{"image": "S002-01-t10_01.jpg", "bboxes": [[0.21999999999999997, 0.1577777777777778, 0.8044444444444444, 0.9111111111111111]], "class": 1}