{"image": "S002-01-t10_01.jpg", "bboxes": [[0.18888888888888888, 0.17555555555555558, 0.7733333333333333, 0.9288888888888889]], "class": 1}