{"image": "S002-01-t10_01.jpg", "bboxes": [[0.20666666666666667, 0.03111111111111111, 0.7911111111111111, 0.7844444444444445]], "class": 1}