{"image": "S002-01-t10_01.jpg", "bboxes": [[0.20444444444444443, 0.0, 0.7888888888888889, 0.6622222222222223]], "class": 1}