{"image": "S002-01-t10_01.jpg", "bboxes": [[0.22666666666666666, 0.12444444444444447, 0.8111111111111111, 0.8777777777777778]], "class": 1}