{"image": "S002-01-t10_01.jpg", "bboxes": [[0.2111111111111111, 0.20666666666666667, 0.7955555555555556, 0.96]], "class": 1}