{"image": "S002-01-t10_01.jpg", "bboxes": [[0.22444444444444445, 0.33333333333333337, 0.8088888888888889, 1.0]], "class": 1}