{"image": "S002-01-t10_01.jpg", "bboxes": [[0.1844444444444444, 0.3355555555555556, 0.768888888888889, 1.0]], "class": 1}