{"image": "S002-01-t10_01.jpg", "bboxes": [[0.1844444444444444, 0.14444444444444443, 0.768888888888889, 0.8977777777777778]], "class": 1}