{"image": "S002-01-t10_01.jpg", "bboxes": [[0.18, 0.040000000000000036, 0.7644444444444445, 0.7933333333333333]], "class": 1}