{"image": "S002-01-t10_01.jpg", "bboxes": [[0.23555555555555555, 0.23555555555555552, 0.82, 0.9888888888888889]], "class": 1}