{"image": "S002-01-t10_01.jpg", "bboxes": [[0.2155555555555555, 0.24888888888888894, 0.8, 1.0]], "class": 1}