{"image": "S002-01-t10_01.jpg", "bboxes": [[0.19111111111111112, 0.3422222222222222, 0.7755555555555556, 1.0]], "class": 1}