{"image": "S002-01-t10_01.jpg", "bboxes": [[0.1844444444444444, 0.046666666666666634, 0.768888888888889, 0.8]], "class": 1}