{"image": "S002-01-t10_01.jpg", "bboxes": [[0.19777777777777783, 0.25555555555555554, 0.7822222222222223, 1.0]], "class": 1}