{"image": "S002-01-t10_01.jpg", "bboxes": [[0.2288888888888889, 0.02, 0.8133333333333334, 0.7733333333333333]], "class": 1}