{"image": "S002-01-t10_01.jpg", "bboxes": [[0.23111111111111116, 0.3044444444444444, 0.8155555555555556, 1.0]], "class": 1}