{"image": "S002-01-t10_01.jpg", "bboxes": [[0.2222222222222222, 0.19333333333333333, 0.8066666666666666, 0.9466666666666667]], "class": 1}