{"image": "S002-01-t10_01.jpg", "bboxes": [[0.21333333333333335, 0.3111111111111111, 0.7977777777777778, 1.0]], "class": 1}