{"image": "S002-01-t10_01.jpg", "bboxes": [[0.23333333333333334, 0.028888888888888853, 0.8177777777777778, 0.7822222222222223]], "class": 1}