{"image": "S002-01-t10_01.jpg", "bboxes": [[0.18000000000000005, 0.19555555555555557, 0.7644444444444445, 0.9488888888888889]], "class": 1}