{"image": "S002-01-t10_01.jpg", "bboxes": [[0.2311111111111111, 0.08222222222222222, 0.8155555555555556, 0.8355555555555556]], "class": 1}