{"image": "S002-01-t10_01.jpg", "bboxes": [[0.21777777777777776, 0.057777777777777775, 0.8022222222222222, 0.8111111111111111]], "class": 1}