{"image": "S002-01-t10_01.jpg", "bboxes": [[0.2222222222222222, 0.057777777777777775, 0.8066666666666666, 0.8111111111111111]], "class": 1}