{"image": "S002-01-t10_01.jpg", "bboxes": [[0.23555555555555555, 0.18888888888888888, 0.82, 0.9422222222222222]], "class": 1}