{"image": "S002-01-t10_01.jpg", "bboxes": [[0.18888888888888888, 0.2733333333333333, 0.7733333333333333, 1.0]], "class": 1}