{"image": "S002-01-t10_01.jpg", "bboxes": [[0.20444444444444446, 0.044444444444444446, 0.7888888888888889, 0.7977777777777778]], "class": 1}