{"image": "S002-01-t10_01.jpg", "bboxes": [[0.19777777777777783, 0.18888888888888888, 0.7822222222222223, 0.9422222222222222]], "class": 1}