{"image": "S002-01-t10_01.jpg", "bboxes": [[0.21333333333333337, 0.3044444444444444, 0.7977777777777778, 1.0]], "class": 1}