{"image": "S002-01-t10_01.jpg", "bboxes": [[0.23777777777777778, 0.0, 0.8222222222222222, 0.6933333333333334]], "class": 1}