{"image": "S002-01-t10_01.jpg", "bboxes": [[0.20666666666666667, 0.042222222222222223, 0.7911111111111111, 0.7955555555555556]], "class": 1}