{"image": "S002-01-t10_01.jpg", "bboxes": [[0.21333333333333335, 0.12888888888888894, 0.7977777777777778, 0.8822222222222222]], "class": 1}