{"image": "S002-01-t10_01.jpg", "bboxes": [[0.18666666666666665, 0.017777777777777778, 0.7711111111111111, 0.7711111111111111]], "class": 1}