{"image": "S002-01-t10_01.jpg", "bboxes": [[0.17777777777777778, 0.2644444444444445, 0.7622222222222222, 1.0]], "class": 1}