{"image": "S002-01-t10_01.jpg", "bboxes": [[0.22444444444444445, 0.08888888888888889, 0.8088888888888889, 0.8422222222222222]], "class": 1}