{"image": "S002-01-t10_01.jpg", "bboxes": [[0.23333333333333328, 0.18000000000000005, 0.8177777777777777, 0.9333333333333333]], "class": 1}