{"image": "S002-01-t10_01.jpg", "bboxes": [[0.21333333333333335, 0.1777777777777778, 0.7977777777777778, 0.9311111111111111]], "class": 1}