{"image": "S002-01-t10_01.jpg", "bboxes": [[0.19999999999999996, 0.0, 0.7844444444444445, 0.6911111111111111]], "class": 1}