{"image": "S002-01-t10_01.jpg", "bboxes": [[0.22666666666666666, 0.0, 0.8111111111111111, 0.6933333333333334]], "class": 1}