{"image": "S002-01-t10_01.jpg", "bboxes": [[0.22666666666666666, 0.15555555555555556, 0.8111111111111111, 0.9088888888888889]], "class": 1}