{"image": "S002-01-t10_01.jpg", "bboxes": [[0.19333333333333336, 0.18222222222222217, 0.7777777777777778, 0.9355555555555556]], "class": 1}