{"image": "S002-01-t10_01.jpg", "bboxes": [[0.21777777777777776, 0.09777777777777774, 0.8022222222222222, 0.8511111111111112]], "class": 1}