{"image": "S002-01-t10_01.jpg", "bboxes": [[0.24, 0.30222222222222217, 0.8244444444444444, 1.0]], "class": 1}