{"image": "S002-01-t10_01.jpg", "bboxes": [[0.17333333333333334, 0.25555555555555554, 0.7577777777777778, 1.0]], "class": 1}