{"image": "S002-01-t10_01.jpg", "bboxes": [[0.2311111111111111, 0.16666666666666663, 0.8155555555555556, 0.92]], "class": 1}