{"image": "S002-01-t10_01.jpg", "bboxes": [[0.21999999999999997, 0.06666666666666665, 0.8044444444444444, 0.8200000000000001]], "class": 1}