{"image": "S002-01-t10_01.jpg", "bboxes": [[0.23333333333333334, 0.16, 0.8177777777777778, 0.9133333333333333]], "class": 1}