{"image": "S002-01-t10_01.jpg", "bboxes": [[0.19111111111111112, 0.16222222222222227, 0.7755555555555556, 0.9155555555555556]], "class": 1}