{"image": "S002-01-t10_01.jpg", "bboxes": [[0.2222222222222222, 0.28, 0.8066666666666666, 1.0]], "class": 1}