{"image": "S002-01-t10_01.jpg", "bboxes": [[0.18444444444444444, 0.3244444444444444, 0.7688888888888888, 1.0]], "class": 1}