{"image": "S002-01-t10_01.jpg", "bboxes": [[0.22666666666666668, 0.15111111111111108, 0.8111111111111111, 0.9044444444444444]], "class": 1}