{"image": "S002-01-t10_01.jpg", "bboxes": [[0.2288888888888889, 0.21111111111111114, 0.8133333333333334, 0.9644444444444444]], "class": 1}