{"image": "S002-01-t10_01.jpg", "bboxes": [[0.19555555555555557, 0.12222222222222223, 0.78, 0.8755555555555555]], "class": 1}