{"image": "S002-01-t10_01.jpg", "bboxes": [[0.1955555555555556, 0.06222222222222222, 0.78, 0.8155555555555556]], "class": 1}