{"image": "S002-01-t10_01.jpg", "bboxes": [[0.21333333333333337, 0.28888888888888886, 0.7977777777777778, 1.0]], "class": 1}