{"image": "S002-01-t10_01.jpg", "bboxes": [[0.1844444444444444, 0.14222222222222225, 0.768888888888889, 0.8955555555555555]], "class": 1}