{"image": "S002-01-t10_01.jpg", "bboxes": [[0.2088888888888889, 0.20222222222222222, 0.7933333333333333, 0.9555555555555556]], "class": 1}