{"image": "S004-01-t10_01.jpg", "bboxes": [[0.2577777777777778, 0.16888888888888887, 0.8577777777777778, 0.9777777777777777]], "class": 1}