{"image": "S004-01-t10_01.jpg", "bboxes": [[0.2444444444444444, 0.11555555555555552, 0.8444444444444444, 0.9244444444444444]], "class": 1}