{"image": "S004-01-t10_01.jpg", "bboxes": [[0.2533333333333333, 0.06666666666666667, 0.8533333333333334, 0.8755555555555555]], "class": 1}