{"image": "S004-01-t10_01.jpg", "bboxes": [[0.1333333333333333, 0.0, 0.7333333333333334, 0.6955555555555556]], "class": 1}