{"image": "S004-01-t10_01.jpg", "bboxes": [[0.23777777777777775, 0.13111111111111112, 0.8377777777777777, 0.94]], "class": 1}