{"image": "S004-01-t10_01.jpg", "bboxes": [[0.22222222222222218, 0.05555555555555555, 0.8222222222222222, 0.8644444444444445]], "class": 1}