{"image": "S004-01-t10_01.jpg", "bboxes": [[0.17555555555555558, 0.14444444444444443, 0.7755555555555556, 0.9533333333333334]], "class": 1}