{"image": "S004-01-t10_01.jpg", "bboxes": [[0.1444444444444445, 0.0, 0.7444444444444445, 0.7977777777777778]], "class": 1}