{"image": "S004-01-t10_01.jpg", "bboxes": [[0.16222222222222227, 0.18888888888888888, 0.7622222222222222, 0.9977777777777778]], "class": 1}