{"image": "S004-01-t10_01.jpg", "bboxes": [[0.26888888888888884, 0.1577777777777778, 0.8688888888888889, 0.9666666666666667]], "class": 1}