{"image": "S004-01-t10_01.jpg", "bboxes": [[0.25111111111111106, 0.2844444444444445, 0.8511111111111112, 1.0]], "class": 1}