{"image": "S004-01-t10_01.jpg", "bboxes": [[0.22666666666666663, 0.24888888888888894, 0.8266666666666667, 1.0]], "class": 1}