{"image": "S004-01-t10_01.jpg", "bboxes": [[0.23111111111111107, 0.3155555555555556, 0.8311111111111111, 1.0]], "class": 1}