{"image": "S004-01-t10_01.jpg", "bboxes": [[0.21555555555555553, 0.15111111111111108, 0.8155555555555556, 0.96]], "class": 1}