{"image": "S004-01-t10_01.jpg", "bboxes": [[0.2333333333333333, 0.06, 0.8333333333333334, 0.8688888888888889]], "class": 1}