{"image": "S004-01-t10_01.jpg", "bboxes": [[0.21555555555555553, 0.21111111111111114, 0.8155555555555556, 1.0]], "class": 1}