{"image": "S004-01-t10_01.jpg", "bboxes": [[0.18666666666666665, 0.14888888888888888, 0.7866666666666667, 0.9577777777777777]], "class": 1}