{"image": "S004-01-t10_01.jpg", "bboxes": [[0.20666666666666664, 0.13555555555555554, 0.8066666666666666, 0.9444444444444444]], "class": 1}