{"image": "S004-01-t10_01.jpg", "bboxes": [[0.20888888888888885, 0.03777777777777778, 0.8088888888888889, 0.8466666666666667]], "class": 1}