{"image": "S004-01-t10_01.jpg", "bboxes": [[0.1644444444444444, 0.046666666666666634, 0.7644444444444445, 0.8555555555555556]], "class": 1}