{"image": "S004-01-t10_01.jpg", "bboxes": [[0.2422222222222222, 0.2022222222222222, 0.8422222222222222, 1.0]], "class": 1}