{"image": "S004-01-t10_01.jpg", "bboxes": [[0.23555555555555552, 0.0, 0.8355555555555556, 0.8088888888888889]], "class": 1}