{"image": "S004-01-t10_01.jpg", "bboxes": [[0.2622222222222222, 0.2533333333333333, 0.8622222222222222, 1.0]], "class": 1}