{"image": "S004-01-t10_01.jpg", "bboxes": [[0.18222222222222217, 0.1711111111111111, 0.7822222222222223, 0.98]], "class": 1}