{"image": "S004-01-t10_01.jpg", "bboxes": [[0.24666666666666665, 0.011111111111111072, 0.8466666666666667, 0.8200000000000001]], "class": 1}