{"image": "S004-01-t10_01.jpg", "bboxes": [[0.20666666666666664, 0.0, 0.8066666666666666, 0.6666666666666666]], "class": 1}