{"image": "S004-01-t10_01.jpg", "bboxes": [[0.2333333333333333, 0.0, 0.8333333333333334, 0.7688888888888888]], "class": 1}