{"image": "S004-01-t10_01.jpg", "bboxes": [[0.17555555555555558, 0.07333333333333336, 0.7755555555555556, 0.8822222222222222]], "class": 1}