{"image": "S004-01-t10_01.jpg", "bboxes": [[0.21111111111111108, 0.10888888888888888, 0.8111111111111111, 0.9177777777777778]], "class": 1}