{"image": "S004-01-t10_01.jpg", "bboxes": [[0.1466666666666666, 0.23111111111111116, 0.7466666666666667, 1.0]], "class": 1}