{"image": "S004-01-t10_01.jpg", "bboxes": [[0.15333333333333332, 0.14222222222222222, 0.7533333333333334, 0.9511111111111111]], "class": 1}