{"image": "S004-01-t10_01.jpg", "bboxes": [[0.1444444444444445, 0.0, 0.7444444444444445, 0.8088888888888889]], "class": 1}