{"image": "S004-01-t10_01.jpg", "bboxes": [[0.2133333333333333, 0.21333333333333337, 0.8133333333333334, 1.0]], "class": 1}