{"image": "S004-01-t10_01.jpg", "bboxes": [[0.2133333333333333, 0.0, 0.8133333333333334, 0.7822222222222223]], "class": 1}