{"image": "S004-01-t10_01.jpg", "bboxes": [[0.14888888888888885, 0.2533333333333333, 0.7488888888888889, 1.0]], "class": 1}