{"image": "S004-01-t10_01.jpg", "bboxes": [[0.13555555555555554, 0.26, 0.7355555555555555, 1.0]], "class": 1}