{"image": "S004-01-t10_01.jpg", "bboxes": [[0.26888888888888884, 0.13333333333333333, 0.8688888888888889, 0.9422222222222222]], "class": 1}