{"image": "S004-01-t10_01.jpg", "bboxes": [[0.23555555555555552, 0.006666666666666667, 0.8355555555555556, 0.8155555555555556]], "class": 1}