{"image": "S004-01-t10_01.jpg", "bboxes": [[0.2733333333333333, 0.11555555555555552, 0.8733333333333333, 0.9244444444444444]], "class": 1}