{"image": "S004-01-t10_01.jpg", "bboxes": [[0.14, 0.16888888888888887, 0.74, 0.9777777777777777]], "class": 1}