{"image": "S004-01-t10_01.jpg", "bboxes": [[0.24888888888888885, 0.11333333333333333, 0.8488888888888889, 0.9222222222222223]], "class": 1}