{"image": "S004-01-t10_01.jpg", "bboxes": [[0.2622222222222222, 0.16000000000000003, 0.8622222222222222, 0.9688888888888889]], "class": 1}