{"image": "S004-01-t10_01.jpg", "bboxes": [[0.15333333333333332, 0.0, 0.7533333333333334, 0.6777777777777778]], "class": 1}