{"image": "S004-01-t10_01.jpg", "bboxes": [[0.1444444444444445, 0.0022222222222222365, 0.7444444444444445, 0.8111111111111111]], "class": 1}