{"image": "S004-01-t10_01.jpg", "bboxes": [[0.23111111111111107, 0.16888888888888887, 0.8311111111111111, 0.9777777777777777]], "class": 1}