{"image": "S004-01-t10_01.jpg", "bboxes": [[0.1777777777777778, 0.026666666666666616, 0.7777777777777778, 0.8355555555555556]], "class": 1}