{"image": "S004-01-t10_01.jpg", "bboxes": [[0.22666666666666663, 0.1844444444444444, 0.8266666666666667, 0.9933333333333333]], "class": 1}