{"image": "S004-01-t10_01.jpg", "bboxes": [[0.1577777777777778, 0.3177777777777778, 0.7577777777777778, 1.0]], "class": 1}