{"image": "S004-01-t10_01.jpg", "bboxes": [[0.19111111111111112, 0.08888888888888889, 0.7911111111111111, 0.8977777777777778]], "class": 1}