{"image": "S004-01-t10_01.jpg", "bboxes": [[0.23111111111111107, 0.10666666666666669, 0.8311111111111111, 0.9155555555555556]], "class": 1}