{"image": "S004-01-t10_01.jpg", "bboxes": [[0.2444444444444444, 0.1288888888888889, 0.8444444444444444, 0.9377777777777778]], "class": 1}