{"image": "S004-01-t10_01.jpg", "bboxes": [[0.22444444444444442, 0.0, 0.8244444444444444, 0.68]], "class": 1}