{"image": "S004-01-t10_01.jpg", "bboxes": [[0.21777777777777774, 0.2577777777777778, 0.8177777777777778, 1.0]], "class": 1}