{"image": "S004-01-t10_01.jpg", "bboxes": [[0.16222222222222227, 0.13111111111111107, 0.7622222222222222, 0.94]], "class": 1}