{"image": "S004-01-t10_01.jpg", "bboxes": [[0.22666666666666663, 0.053333333333333344, 0.8266666666666667, 0.8622222222222222]], "class": 1}