{"image": "S004-01-t10_01.jpg", "bboxes": [[0.2444444444444444, 0.011111111111111072, 0.8444444444444444, 0.8200000000000001]], "class": 1}