{"image": "S004-01-t10_01.jpg", "bboxes": [[0.1777777777777778, 0.0, 0.7777777777777778, 0.6911111111111111]], "class": 1}