{"image": "S004-01-t10_01.jpg", "bboxes": [[0.15555555555555556, 0.14222222222222225, 0.7555555555555555, 0.9511111111111111]], "class": 1}