{"image": "S004-01-t10_01.jpg", "bboxes": [[0.25111111111111106, 0.05555555555555555, 0.8511111111111112, 0.8644444444444445]], "class": 1}