{"image": "S004-01-t10_01.jpg", "bboxes": [[0.2666666666666666, 0.2155555555555555, 0.8666666666666667, 1.0]], "class": 1}