{"image": "S005-01-t10_01.jpg", "bboxes": [[0.19555555555555557, 0.3533333333333334, 0.7866666666666666, 1.0]], "class": 1}