{"image": "S005-01-t10_01.jpg", "bboxes": [[0.2155555555555555, 0.0, 0.8066666666666666, 0.6377777777777778]], "class": 1}