{"image": "S005-01-t10_01.jpg", "bboxes": [[0.22, 0.17555555555555558, 0.8111111111111111, 0.8755555555555555]], "class": 1}