{"image": "S005-01-t10_01.jpg", "bboxes": [[0.1711111111111111, 0.08666666666666667, 0.7622222222222222, 0.7866666666666666]], "class": 1}