{"image": "S005-01-t10_01.jpg", "bboxes": [[0.18444444444444444, 0.0, 0.7755555555555556, 0.6911111111111111]], "class": 1}