{"image": "S005-01-t10_01.jpg", "bboxes": [[0.18666666666666668, 0.0, 0.7777777777777778, 0.5911111111111111]], "class": 1}