{"image": "S005-01-t10_01.jpg", "bboxes": [[0.1688888888888889, 0.2866666666666666, 0.76, 0.9866666666666667]], "class": 1}