{"image": "S005-01-t10_01.jpg", "bboxes": [[0.22444444444444445, 0.0, 0.8155555555555556, 0.6044444444444445]], "class": 1}