{"image": "S005-01-t10_01.jpg", "bboxes": [[0.2222222222222222, 0.19777777777777783, 0.8133333333333334, 0.8977777777777778]], "class": 1}