{"image": "S005-01-t10_01.jpg", "bboxes": [[0.17333333333333334, 0.0, 0.7644444444444445, 0.6577777777777778]], "class": 1}