{"image": "S005-01-t10_01.jpg", "bboxes": [[0.21333333333333337, 0.14222222222222225, 0.8044444444444444, 0.8422222222222222]], "class": 1}