{"image": "S005-01-t10_01.jpg", "bboxes": [[0.24, 0.3177777777777778, 0.8311111111111111, 1.0]], "class": 1}