{"image": "S005-01-t10_01.jpg", "bboxes": [[0.1777777777777778, 0.3666666666666667, 0.768888888888889, 1.0]], "class": 1}