{"image": "S005-01-t10_01.jpg", "bboxes": [[0.16444444444444445, 0.0, 0.7555555555555555, 0.64]], "class": 1}