{"image": "S005-01-t10_01.jpg", "bboxes": [[0.2222222222222222, 0.21555555555555556, 0.8133333333333334, 0.9155555555555556]], "class": 1}