{"image": "S005-01-t10_01.jpg", "bboxes": [[0.1688888888888889, 0.3288888888888889, 0.76, 1.0]], "class": 1}