{"image": "S005-01-t10_01.jpg", "bboxes": [[0.2311111111111111, 0.06444444444444444, 0.8222222222222222, 0.7644444444444445]], "class": 1}