{"image": "S005-01-t10_01.jpg", "bboxes": [[0.18000000000000005, 0.04, 0.7711111111111111, 0.74]], "class": 1}