{"image": "S005-01-t10_01.jpg", "bboxes": [[0.17333333333333334, 0.09999999999999998, 0.7644444444444445, 0.8]], "class": 1}