{"image": "S005-01-t10_01.jpg", "bboxes": [[0.19777777777777777, 0.0, 0.7888888888888889, 0.6133333333333333]], "class": 1}