{"image": "S005-01-t10_01.jpg", "bboxes": [[0.24222222222222223, 0.0022222222222222222, 0.8333333333333334, 0.7022222222222222]], "class": 1}