{"image": "S005-01-t10_01.jpg", "bboxes": [[0.19777777777777783, 0.09777777777777778, 0.7888888888888889, 0.7977777777777778]], "class": 1}