{"image": "S005-01-t10_01.jpg", "bboxes": [[0.22666666666666668, 0.21333333333333337, 0.8177777777777777, 0.9133333333333333]], "class": 1}