{"image": "S005-01-t10_01.jpg", "bboxes": [[0.22666666666666666, 0.1266666666666667, 0.8177777777777778, 0.8266666666666667]], "class": 1}