{"image": "S005-01-t10_01.jpg", "bboxes": [[0.23111111111111116, 0.19333333333333336, 0.8222222222222222, 0.8933333333333333]], "class": 1}