{"image": "S005-01-t10_01.jpg", "bboxes": [[0.1844444444444444, 0.2222222222222222, 0.7755555555555556, 0.9222222222222223]], "class": 1}