{"image": "S005-01-t10_01.jpg", "bboxes": [[0.1688888888888889, 0.1688888888888889, 0.76, 0.8688888888888889]], "class": 1}