{"image": "S005-01-t10_01.jpg", "bboxes": [[0.18000000000000005, 0.10888888888888892, 0.7711111111111111, 0.8088888888888889]], "class": 1}