{"image": "S005-01-t10_01.jpg", "bboxes": [[0.2222222222222222, 0.1288888888888889, 0.8133333333333334, 0.8288888888888889]], "class": 1}