{"image": "S005-01-t10_01.jpg", "bboxes": [[0.20444444444444443, 0.16000000000000003, 0.7955555555555556, 0.86]], "class": 1}