{"image": "S005-01-t10_01.jpg", "bboxes": [[0.21111111111111114, 0.11777777777777776, 0.8022222222222222, 0.8177777777777777]], "class": 1}