{"image": "S005-01-t10_01.jpg", "bboxes": [[0.2288888888888889, 0.40888888888888886, 0.82, 1.0]], "class": 1}