{"image": "S005-01-t10_01.jpg", "bboxes": [[0.18222222222222217, 0.12, 0.7733333333333333, 0.8200000000000001]], "class": 1}