{"image": "S005-01-t10_01.jpg", "bboxes": [[0.2088888888888889, 0.06222222222222222, 0.8, 0.7622222222222222]], "class": 1}