{"image": "S005-01-t10_01.jpg", "bboxes": [[0.24, 0.17555555555555555, 0.8311111111111111, 0.8755555555555555]], "class": 1}