{"image": "S005-01-t10_01.jpg", "bboxes": [[0.2311111111111111, 0.11555555555555555, 0.8222222222222222, 0.8155555555555556]], "class": 1}