{"image": "S005-01-t10_01.jpg", "bboxes": [[0.23333333333333328, 0.0, 0.8244444444444444, 0.6222222222222222]], "class": 1}