{"image": "S005-01-t10_01.jpg", "bboxes": [[0.19333333333333336, 0.14222222222222225, 0.7844444444444445, 0.8422222222222222]], "class": 1}