{"image": "S005-01-t10_01.jpg", "bboxes": [[0.1777777777777778, 0.2644444444444445, 0.768888888888889, 0.9644444444444444]], "class": 1}