{"image": "S005-01-t10_01.jpg", "bboxes": [[0.20444444444444443, 0.04666666666666667, 0.7955555555555556, 0.7466666666666667]], "class": 1}