{"image": "S005-01-t10_01.jpg", "bboxes": [[0.20666666666666667, 0.15333333333333332, 0.7977777777777778, 0.8533333333333333]], "class": 1}