{"image": "S005-01-t10_01.jpg", "bboxes": [[0.2, 0.0, 0.7911111111111111, 0.6977777777777778]], "class": 1}