{"image": "S005-01-t10_01.jpg", "bboxes": [[0.18222222222222223, 0.14222222222222222, 0.7733333333333333, 0.8422222222222222]], "class": 1}