{"image": "S005-01-t10_01.jpg", "bboxes": [[0.1955555555555556, 0.10222222222222223, 0.7866666666666666, 0.8022222222222222]], "class": 1}