{"image": "S005-01-t10_01.jpg", "bboxes": [[0.1777777777777778, 0.21555555555555556, 0.768888888888889, 0.9155555555555556]], "class": 1}