{"image": "S005-01-t10_01.jpg", "bboxes": [[0.1844444444444444, 0.3355555555555556, 0.7755555555555556, 1.0]], "class": 1}