{"image": "S005-01-t10_01.jpg", "bboxes": [[0.23777777777777775, 0.04888888888888889, 0.8288888888888889, 0.7488888888888889]], "class": 1}