{"image": "S005-01-t10_01.jpg", "bboxes": [[0.1711111111111111, 0.12666666666666668, 0.7622222222222222, 0.8266666666666667]], "class": 1}