{"image": "S005-01-t10_01.jpg", "bboxes": [[0.24, 0.18000000000000005, 0.8311111111111111, 0.88]], "class": 1}