{"image": "S005-01-t10_01.jpg", "bboxes": [[0.20666666666666667, 0.2, 0.7977777777777778, 0.9]], "class": 1}