{"image": "S005-01-t10_01.jpg", "bboxes": [[0.22666666666666666, 0.13111111111111112, 0.8177777777777778, 0.8311111111111111]], "class": 1}