{"image": "S005-01-t10_01.jpg", "bboxes": [[0.20222222222222222, 0.21777777777777774, 0.7933333333333333, 0.9177777777777778]], "class": 1}