{"image": "S005-01-t10_01.jpg", "bboxes": [[0.21333333333333337, 0.19111111111111112, 0.8044444444444444, 0.8911111111111111]], "class": 1}