{"image": "S005-01-t10_01.jpg", "bboxes": [[0.18666666666666668, 0.12888888888888894, 0.7777777777777778, 0.8288888888888889]], "class": 1}