{"image": "S005-01-t10_01.jpg", "bboxes": [[0.21999999999999997, 0.12222222222222223, 0.8111111111111111, 0.8222222222222222]], "class": 1}