{"image": "S005-01-t10_01.jpg", "bboxes": [[0.20222222222222222, 0.013333333333333334, 0.7933333333333333, 0.7133333333333334]], "class": 1}