{"image": "S006-02-t10_01.jpg", "bboxes": [[0.32666666666666666, 0.1, 0.768888888888889, 0.66]], "class": 1}