{"image": "S006-01-t10_01.jpg", "bboxes": [[0.24888888888888888, 0.1111111111111111, 0.8444444444444444, 0.8422222222222222]], "class": 1}