{"image": "S006-01-t10_01.jpg", "bboxes": [[0.18222222222222217, 0.22888888888888892, 0.7777777777777778, 0.96]], "class": 1}