{"image": "S006-02-t10_01.jpg", "bboxes": [[0.2733333333333333, 0.17333333333333334, 0.7155555555555555, 0.7333333333333333]], "class": 1}