{"image": "S006-02-t10_01.jpg", "bboxes": [[0.2577777777777778, 0.15777777777777777, 0.7, 0.7177777777777777]], "class": 1}