{"image": "S006-02-t10_01.jpg", "bboxes": [[0.29333333333333333, 0.12444444444444447, 0.7355555555555555, 0.6844444444444444]], "class": 1}