{"image": "S006-01-t10_01.jpg", "bboxes": [[0.15111111111111108, 0.24222222222222223, 0.7466666666666666, 0.9733333333333334]], "class": 1}