{"image": "S006-02-t10_01.jpg", "bboxes": [[0.2288888888888889, 0.26222222222222225, 0.6711111111111111, 0.8222222222222222]], "class": 1}