{"image": "S006-02-t10_01.jpg", "bboxes": [[0.3155555555555556, 0.11555555555555555, 0.7577777777777778, 0.6755555555555556]], "class": 1}