{"image": "S006-01-t10_01.jpg", "bboxes": [[0.19555555555555557, 0.08444444444444443, 0.7911111111111111, 0.8155555555555556]], "class": 1}