{"image": "S006-01-t10_01.jpg", "bboxes": [[0.20444444444444443, 0.22444444444444445, 0.8, 0.9555555555555556]], "class": 1}