{"image": "S006-01-t10_01.jpg", "bboxes": [[0.21555555555555556, 0.0, 0.8111111111111111, 0.6733333333333333]], "class": 1}