{"image": "S006-01-t10_01.jpg", "bboxes": [[0.18888888888888888, 0.10444444444444445, 0.7844444444444445, 0.8355555555555556]], "class": 1}