{"image": "S006-01-t10_01.jpg", "bboxes": [[0.24666666666666667, 0.10666666666666669, 0.8422222222222222, 0.8377777777777777]], "class": 1}