{"image": "S006-01-t10_01.jpg", "bboxes": [[0.19333333333333333, 0.26222222222222225, 0.7888888888888889, 0.9933333333333333]], "class": 1}