{"image": "S006-01-t10_01.jpg", "bboxes": [[0.24444444444444444, 0.051111111111111114, 0.84, 0.7822222222222223]], "class": 1}