{"image": "S006-01-t10_01.jpg", "bboxes": [[0.16888888888888887, 0.27555555555555555, 0.7644444444444445, 1.0]], "class": 1}