{"image": "S006-02-t10_01.jpg", "bboxes": [[0.28888888888888886, 0.18000000000000005, 0.7311111111111112, 0.74]], "class": 1}