{"image": "S006-02-t10_01.jpg", "bboxes": [[0.24444444444444444, 0.08888888888888889, 0.6866666666666666, 0.6488888888888888]], "class": 1}