{"image": "S006-02-t10_01.jpg", "bboxes": [[0.22444444444444445, 0.26888888888888884, 0.6666666666666666, 0.8288888888888889]], "class": 1}