{"image": "S006-01-t10_01.jpg", "bboxes": [[0.18222222222222217, 0.21999999999999997, 0.7777777777777778, 0.9511111111111111]], "class": 1}