{"image": "S006-02-t10_01.jpg", "bboxes": [[0.2777777777777778, 0.33333333333333337, 0.72, 0.8933333333333333]], "class": 1}