{"image": "S006-02-t10_01.jpg", "bboxes": [[0.33333333333333337, 0.31999999999999995, 0.7755555555555556, 0.88]], "class": 1}