{"image": "S006-02-t10_01.jpg", "bboxes": [[0.2733333333333333, 0.2222222222222222, 0.7155555555555555, 0.7822222222222223]], "class": 1}