{"image": "S006-02-t10_01.jpg", "bboxes": [[0.27555555555555555, 0.20666666666666667, 0.7177777777777777, 0.7666666666666666]], "class": 1}