{"image": "S006-01-t10_01.jpg", "bboxes": [[0.24444444444444444, 0.028888888888888888, 0.84, 0.76]], "class": 1}