{"image": "S006-01-t10_01.jpg", "bboxes": [[0.15111111111111108, 0.046666666666666634, 0.7466666666666666, 0.7777777777777778]], "class": 1}