{"image": "S006-01-t10_01.jpg", "bboxes": [[0.18666666666666665, 0.12444444444444447, 0.7822222222222223, 0.8555555555555556]], "class": 1}