{"image": "S006-02-t10_01.jpg", "bboxes": [[0.23555555555555555, 0.044444444444444446, 0.6777777777777778, 0.6044444444444445]], "class": 1}