{"image": "S006-01-t10_01.jpg", "bboxes": [[0.18888888888888888, 0.17555555555555558, 0.7844444444444445, 0.9066666666666666]], "class": 1}