{"image": "S006-01-t10_01.jpg", "bboxes": [[0.21333333333333335, 0.21333333333333335, 0.8088888888888889, 0.9444444444444444]], "class": 1}