{"image": "S006-01-t10_01.jpg", "bboxes": [[0.25333333333333335, 0.08222222222222222, 0.8488888888888889, 0.8133333333333334]], "class": 1}