{"image": "S006-01-t10_01.jpg", "bboxes": [[0.19333333333333336, 0.24888888888888894, 0.7888888888888889, 0.98]], "class": 1}