{"image": "S006-01-t10_01.jpg", "bboxes": [[0.2022222222222222, 0.2666666666666667, 0.7977777777777778, 0.9977777777777778]], "class": 1}