{"image": "S006-02-t10_01.jpg", "bboxes": [[0.24666666666666667, 0.2511111111111111, 0.6888888888888889, 0.8111111111111111]], "class": 1}