{"image": "S006-01-t10_01.jpg", "bboxes": [[0.21777777777777774, 0.11333333333333333, 0.8133333333333334, 0.8444444444444444]], "class": 1}