{"image": "S006-02-t10_01.jpg", "bboxes": [[0.27555555555555555, 0.2644444444444444, 0.7177777777777778, 0.8244444444444444]], "class": 1}