{"image": "S006-02-t10_01.jpg", "bboxes": [[0.2911111111111111, 0.30666666666666664, 0.7333333333333334, 0.8666666666666667]], "class": 1}