{"image": "S006-01-t10_01.jpg", "bboxes": [[0.2022222222222222, 0.2777777777777778, 0.7977777777777778, 1.0]], "class": 1}