{"image": "S006-01-t10_01.jpg", "bboxes": [[0.24666666666666667, 0.0444444444444444, 0.8422222222222222, 0.7755555555555556]], "class": 1}