{"image": "S006-01-t10_01.jpg", "bboxes": [[0.2111111111111111, 0.24222222222222223, 0.8066666666666666, 0.9733333333333334]], "class": 1}