{"image": "S006-01-t10_01.jpg", "bboxes": [[0.24, 0.10222222222222221, 0.8355555555555556, 0.8333333333333334]], "class": 1}