{"image": "S006-02-t10_01.jpg", "bboxes": [[0.2733333333333333, 0.21999999999999997, 0.7155555555555555, 0.78]], "class": 1}