{"image": "S006-01-t10_01.jpg", "bboxes": [[0.18888888888888888, 0.022222222222222223, 0.7844444444444445, 0.7533333333333333]], "class": 1}