{"image": "S006-01-t10_01.jpg", "bboxes": [[0.1577777777777778, 0.08444444444444443, 0.7533333333333333, 0.8155555555555556]], "class": 1}