{"image": "S006-01-t10_01.jpg", "bboxes": [[0.20444444444444446, 0.30666666666666664, 0.8, 1.0]], "class": 1}