{"image": "S006-01-t10_01.jpg", "bboxes": [[0.19333333333333333, 0.044444444444444446, 0.7888888888888889, 0.7755555555555556]], "class": 1}