{"image": "S006-01-t10_01.jpg", "bboxes": [[0.2111111111111111, 0.16888888888888887, 0.8066666666666666, 0.9]], "class": 1}