{"image": "S006-01-t10_01.jpg", "bboxes": [[0.1955555555555556, 0.2711111111111111, 0.7911111111111111, 1.0]], "class": 1}