{"image": "S006-02-t10_01.jpg", "bboxes": [[0.2577777777777778, 0.15333333333333332, 0.7, 0.7133333333333334]], "class": 1}