{"image": "S006-02-t10_01.jpg", "bboxes": [[0.33333333333333337, 0.10444444444444445, 0.7755555555555556, 0.6644444444444444]], "class": 1}