{"image": "S006-01-t10_01.jpg", "bboxes": [[0.2, 0.18444444444444444, 0.7955555555555556, 0.9155555555555556]], "class": 1}