{"image": "S006-01-t10_01.jpg", "bboxes": [[0.20444444444444446, 0.2666666666666667, 0.8, 0.9977777777777778]], "class": 1}