{"image": "S006-01-t10_01.jpg", "bboxes": [[0.21111111111111114, 0.12444444444444447, 0.8066666666666666, 0.8555555555555556]], "class": 1}