{"image": "S006-02-t10_01.jpg", "bboxes": [[0.2711111111111111, 0.17777777777777778, 0.7133333333333334, 0.7377777777777778]], "class": 1}