{"image": "S006-01-t10_01.jpg", "bboxes": [[0.16888888888888887, 0.2111111111111111, 0.7644444444444445, 0.9422222222222222]], "class": 1}