{"image": "S006-01-t10_01.jpg", "bboxes": [[0.16000000000000003, 0.2222222222222222, 0.7555555555555555, 0.9533333333333334]], "class": 1}