{"image": "S006-02-t10_01.jpg", "bboxes": [[0.28888888888888886, 0.24666666666666667, 0.731111111111111, 0.8066666666666666]], "class": 1}