{"image": "S006-02-t10_01.jpg", "bboxes": [[0.24888888888888888, 0.14888888888888885, 0.6911111111111111, 0.7088888888888889]], "class": 1}