{"image": "S006-02-t10_01.jpg", "bboxes": [[0.25555555555555554, 0.2866666666666666, 0.6977777777777778, 0.8466666666666667]], "class": 1}