{"image": "S006-02-t10_01.jpg", "bboxes": [[0.32666666666666666, 0.011111111111111112, 0.768888888888889, 0.5711111111111111]], "class": 1}