{"image": "S006-02-t10_01.jpg", "bboxes": [[0.2511111111111111, 0.29777777777777775, 0.6933333333333334, 0.8577777777777778]], "class": 1}