{"image": "S006-01-t10_01.jpg", "bboxes": [[0.21777777777777774, 0.15333333333333332, 0.8133333333333334, 0.8844444444444445]], "class": 1}