{"image": "S006-02-t10_01.jpg", "bboxes": [[0.3288888888888889, 0.11555555555555552, 0.7711111111111111, 0.6755555555555556]], "class": 1}