{"image": "S006-02-t10_01.jpg", "bboxes": [[0.2911111111111111, 0.19333333333333336, 0.7333333333333333, 0.7533333333333333]], "class": 1}