{"image": "S006-02-t10_01.jpg", "bboxes": [[0.2688888888888889, 0.18222222222222217, 0.7111111111111111, 0.7422222222222222]], "class": 1}