{"image": "S006-01-t10_01.jpg", "bboxes": [[0.21777777777777774, 0.21999999999999997, 0.8133333333333334, 0.9511111111111111]], "class": 1}