{"image": "S006-02-t10_01.jpg", "bboxes": [[0.24444444444444444, 0.11555555555555552, 0.6866666666666666, 0.6755555555555556]], "class": 1}