{"image": "S006-02-t10_01.jpg", "bboxes": [[0.30222222222222217, 0.3222222222222222, 0.7444444444444445, 0.8822222222222222]], "class": 1}