{"image": "S006-01-t10_01.jpg", "bboxes": [[0.2088888888888889, 0.15555555555555556, 0.8044444444444444, 0.8866666666666667]], "class": 1}