{"image": "S006-02-t10_01.jpg", "bboxes": [[0.26666666666666666, 0.30444444444444446, 0.7088888888888889, 0.8644444444444445]], "class": 1}