{"image": "S006-01-t10_01.jpg", "bboxes": [[0.15555555555555556, 0.10666666666666667, 0.7511111111111111, 0.8377777777777777]], "class": 1}