{"image": "S006-01-t10_01.jpg", "bboxes": [[0.18666666666666665, 0.057777777777777775, 0.7822222222222223, 0.7888888888888889]], "class": 1}