{"image": "S006-02-t10_01.jpg", "bboxes": [[0.24666666666666667, 0.26666666666666666, 0.6888888888888889, 0.8266666666666667]], "class": 1}