{"image": "S006-01-t10_01.jpg", "bboxes": [[0.18000000000000005, 0.06666666666666665, 0.7755555555555556, 0.7977777777777778]], "class": 1}