{"image": "S006-02-t10_01.jpg", "bboxes": [[0.28, 0.18888888888888888, 0.7222222222222222, 0.7488888888888889]], "class": 1}