{"image": "S006-02-t10_01.jpg", "bboxes": [[0.23555555555555555, 0.35111111111111115, 0.6777777777777778, 0.9111111111111111]], "class": 1}