{"image": "S006-01-t10_01.jpg", "bboxes": [[0.2222222222222222, 0.042222222222222223, 0.8177777777777778, 0.7733333333333333]], "class": 1}