{"image": "S006-01-t10_01.jpg", "bboxes": [[0.19111111111111112, 0.11777777777777777, 0.7866666666666666, 0.8488888888888889]], "class": 1}