{"image": "S006-02-t10_01.jpg", "bboxes": [[0.2733333333333333, 0.12888888888888894, 0.7155555555555555, 0.6888888888888889]], "class": 1}