{"image": "S006-02-t10_01.jpg", "bboxes": [[0.25555555555555554, 0.41555555555555557, 0.6977777777777778, 0.9755555555555555]], "class": 1}