{"image": "S006-02-t10_01.jpg", "bboxes": [[0.2777777777777778, 0.03111111111111111, 0.72, 0.5911111111111111]], "class": 1}