{"image": "S006-02-t10_01.jpg", "bboxes": [[0.22666666666666666, 0.07777777777777778, 0.6688888888888889, 0.6377777777777778]], "class": 1}