{"image": "S006-01-t10_01.jpg", "bboxes": [[0.22666666666666666, 0.14222222222222222, 0.8222222222222222, 0.8733333333333333]], "class": 1}