{"image": "S006-02-t10_01.jpg", "bboxes": [[0.2311111111111111, 0.09111111111111111, 0.6733333333333333, 0.6511111111111111]], "class": 1}