{"image": "S006-01-t10_01.jpg", "bboxes": [[0.24888888888888888, 0.02444444444444449, 0.8444444444444444, 0.7555555555555555]], "class": 1}