{"image": "S006-02-t10_01.jpg", "bboxes": [[0.27555555555555555, 0.3622222222222222, 0.7177777777777778, 0.9222222222222223]], "class": 1}