{"image": "S006-02-t10_01.jpg", "bboxes": [[0.30666666666666664, 0.33999999999999997, 0.7488888888888889, 0.9]], "class": 1}