{"image": "S006-01-t10_01.jpg", "bboxes": [[0.20666666666666667, 0.2533333333333333, 0.8022222222222222, 0.9844444444444445]], "class": 1}