{"image": "S006-01-t10_01.jpg", "bboxes": [[0.2088888888888889, 0.12666666666666668, 0.8044444444444444, 0.8577777777777778]], "class": 1}