{"image": "S006-01-t10_01.jpg", "bboxes": [[0.2155555555555555, 0.07777777777777778, 0.8111111111111111, 0.8088888888888889]], "class": 1}