{"image": "S006-02-t10_01.jpg", "bboxes": [[0.3111111111111111, 0.09333333333333334, 0.7533333333333333, 0.6533333333333333]], "class": 1}