{"image": "S006-02-t10_01.jpg", "bboxes": [[0.29333333333333333, 0.18444444444444444, 0.7355555555555555, 0.7444444444444445]], "class": 1}