{"image": "S006-01-t10_01.jpg", "bboxes": [[0.2088888888888889, 0.09777777777777774, 0.8044444444444444, 0.8288888888888889]], "class": 1}