{"image": "S006-01-t10_01.jpg", "bboxes": [[0.18000000000000005, 0.1288888888888889, 0.7755555555555556, 0.86]], "class": 1}