{"image": "S006-02-t10_01.jpg", "bboxes": [[0.26222222222222225, 0.2311111111111111, 0.7044444444444444, 0.7911111111111111]], "class": 1}