{"image": "S006-01-t10_01.jpg", "bboxes": [[0.1844444444444444, 0.12222222222222222, 0.78, 0.8533333333333334]], "class": 1}