{"image": "S006-02-t10_01.jpg", "bboxes": [[0.2511111111111111, 0.24888888888888894, 0.6933333333333334, 0.8088888888888889]], "class": 1}