{"image": "S006-02-t10_01.jpg", "bboxes": [[0.2311111111111111, 0.2577777777777778, 0.6733333333333333, 0.8177777777777778]], "class": 1}