{"image": "S006-02-t10_01.jpg", "bboxes": [[0.33333333333333337, 0.28888888888888886, 0.7755555555555556, 0.8488888888888889]], "class": 1}