{"image": "S006-02-t10_01.jpg", "bboxes": [[0.31999999999999995, 0.17333333333333334, 0.7622222222222222, 0.7333333333333334]], "class": 1}