{"image": "S006-02-t10_01.jpg", "bboxes": [[0.25333333333333335, 0.15777777777777777, 0.6955555555555556, 0.7177777777777777]], "class": 1}