{"image": "S006-01-t10_01.jpg", "bboxes": [[0.24444444444444444, 0.15777777777777777, 0.84, 0.8888888888888888]], "class": 1}