{"image": "S006-01-t10_01.jpg", "bboxes": [[0.22666666666666666, 0.30000000000000004, 0.8222222222222222, 1.0]], "class": 1}