{"image": "S006-01-t10_01.jpg", "bboxes": [[0.2288888888888889, 0.14444444444444443, 0.8244444444444444, 0.8755555555555555]], "class": 1}