{"image": "S006-02-t10_01.jpg", "bboxes": [[0.25333333333333335, 0.12, 0.6955555555555556, 0.6799999999999999]], "class": 1}