{"image": "S006-01-t10_01.jpg", "bboxes": [[0.23333333333333334, 0.1644444444444444, 0.8288888888888889, 0.8955555555555555]], "class": 1}