{"image": "S006-02-t10_01.jpg", "bboxes": [[0.3111111111111111, 0.28, 0.7533333333333333, 0.84]], "class": 1}