{"image": "S006-01-t10_01.jpg", "bboxes": [[0.19777777777777777, 0.17333333333333334, 0.7933333333333333, 0.9044444444444445]], "class": 1}