{"image": "S006-02-t10_01.jpg", "bboxes": [[0.28222222222222226, 0.16888888888888887, 0.7244444444444444, 0.7288888888888889]], "class": 1}