{"image": "S006-01-t10_01.jpg", "bboxes": [[0.1644444444444444, 0.0822222222222222, 0.76, 0.8133333333333334]], "class": 1}