{"image": "S006-02-t10_01.jpg", "bboxes": [[0.3155555555555556, 0.24, 0.7577777777777778, 0.8]], "class": 1}