{"image": "S006-02-t10_01.jpg", "bboxes": [[0.24, 0.17777777777777778, 0.6822222222222222, 0.7377777777777778]], "class": 1}