{"image": "S008-06-t10_01.jpg", "bboxes": [[0.1844444444444444, 0.07555555555555556, 0.86, 1.0]], "class": 1}