{"image": "S008-06-t10_01.jpg", "bboxes": [[0.16222222222222227, 0.11999999999999988, 0.8377777777777777, 1.0]], "class": 1}