{"image": "S008-06-t10_01.jpg", "bboxes": [[0.14666666666666667, 0.0, 0.8222222222222222, 0.8622222222222223]], "class": 1}