{"image": "S008-06-t10_01.jpg", "bboxes": [[0.1644444444444444, 0.04222222222222205, 0.84, 1.0]], "class": 1}