{"image": "S008-06-t10_01.jpg", "bboxes": [[0.1955555555555556, 0.18888888888888877, 0.8711111111111112, 1.0]], "class": 1}