{"image": "S008-06-t10_01.jpg", "bboxes": [[0.10888888888888888, 0.0, 0.7844444444444445, 0.9688888888888889]], "class": 1}