{"image": "S008-06-t10_01.jpg", "bboxes": [[0.16, 0.0, 0.8355555555555556, 0.8422222222222223]], "class": 1}