{"image": "S008-06-t10_01.jpg", "bboxes": [[0.14222222222222222, 0.0, 0.8177777777777778, 0.8800000000000001]], "class": 1}