{"image": "S008-06-t10_01.jpg", "bboxes": [[0.15333333333333332, 0.0, 0.8288888888888889, 0.8133333333333335]], "class": 1}