{"image": "S008-06-t10_01.jpg", "bboxes": [[0.18888888888888888, 0.0, 0.8644444444444445, 0.8755555555555556]], "class": 1}