{"image": "S008-06-t10_01.jpg", "bboxes": [[0.15333333333333332, 0.008888888888888889, 0.8288888888888889, 0.9800000000000001]], "class": 1}