{"image": "S008-06-t10_01.jpg", "bboxes": [[0.18000000000000005, 0.02, 0.8555555555555556, 0.9911111111111113]], "class": 1}