{"image": "S008-06-t10_01.jpg", "bboxes": [[0.1711111111111111, 0.06666666666666667, 0.8466666666666667, 1.0]], "class": 1}