{"image": "S008-06-t10_01.jpg", "bboxes": [[0.17333333333333334, 0.15777777777777768, 0.8488888888888889, 1.0]], "class": 1}