{"image": "S008-06-t10_01.jpg", "bboxes": [[0.11777777777777777, 0.0, 0.7933333333333333, 0.8422222222222222]], "class": 1}