{"image": "S008-06-t10_01.jpg", "bboxes": [[0.16000000000000003, 0.0, 0.8355555555555556, 0.9555555555555557]], "class": 1}