{"image": "S008-06-t10_01.jpg", "bboxes": [[0.19111111111111112, 0.11111111111111094, 0.8666666666666667, 1.0]], "class": 1}