{"image": "S008-06-t10_01.jpg", "bboxes": [[0.18666666666666665, 0.14888888888888888, 0.8622222222222222, 1.0]], "class": 1}