{"image": "S008-06-t10_01.jpg", "bboxes": [[0.11555555555555555, 0.13555555555555543, 0.7911111111111111, 1.0]], "class": 1}