{"image": "S008-06-t10_01.jpg", "bboxes": [[0.19999999999999996, 0.13111111111111096, 0.8755555555555555, 1.0]], "class": 1}