{"image": "S008-06-t10_01.jpg", "bboxes": [[0.1111111111111111, 0.11333333333333317, 0.7866666666666666, 1.0]], "class": 1}