{"image": "S008-06-t10_01.jpg", "bboxes": [[0.19111111111111112, 0.022222222222222143, 0.8666666666666667, 0.9933333333333333]], "class": 1}