{"image": "S008-06-t10_01.jpg", "bboxes": [[0.15111111111111108, 0.10222222222222223, 0.8266666666666667, 1.0]], "class": 1}