{"image": "S008-06-t10_01.jpg", "bboxes": [[0.17555555555555555, 0.0, 0.8511111111111112, 0.8933333333333333]], "class": 1}