{"image": "S008-06-t10_01.jpg", "bboxes": [[0.18000000000000005, 0.08666666666666667, 0.8555555555555556, 1.0]], "class": 1}