{"image": "S008-06-t10_01.jpg", "bboxes": [[0.15555555555555556, 0.0, 0.8311111111111111, 0.9022222222222223]], "class": 1}