{"image": "S008-06-t10_01.jpg", "bboxes": [[0.1711111111111111, 0.0, 0.8466666666666667, 0.8644444444444446]], "class": 1}