{"image": "S008-06-t10_01.jpg", "bboxes": [[0.15777777777777777, 0.0, 0.8333333333333334, 0.8244444444444445]], "class": 1}