{"image": "S008-06-t10_01.jpg", "bboxes": [[0.13333333333333333, 0.15333333333333332, 0.8088888888888889, 1.0]], "class": 1}