{"image": "S008-06-t10_01.jpg", "bboxes": [[0.1622222222222222, 0.13555555555555543, 0.8377777777777777, 1.0]], "class": 1}