{"image": "S008-06-t10_01.jpg", "bboxes": [[0.1844444444444444, 0.0, 0.86, 0.8622222222222222]], "class": 1}