{"image": "S008-06-t10_01.jpg", "bboxes": [[0.19777777777777783, 0.07555555555555556, 0.8733333333333333, 1.0]], "class": 1}