{"image": "S008-06-t10_01.jpg", "bboxes": [[0.13111111111111112, 0.0, 0.8066666666666666, 0.8555555555555556]], "class": 1}