{"image": "S008-06-t10_01.jpg", "bboxes": [[0.11777777777777777, 0.06888888888888889, 0.7933333333333333, 1.0]], "class": 1}