{"image": "S008-06-t10_01.jpg", "bboxes": [[0.21333333333333337, 0.0, 0.8888888888888888, 0.9200000000000002]], "class": 1}