{"image": "S008-06-t10_01.jpg", "bboxes": [[0.18888888888888888, 0.03777777777777769, 0.8644444444444445, 1.0]], "class": 1}