{"image": "S008-06-t10_01.jpg", "bboxes": [[0.14444444444444443, 0.02, 0.82, 0.9911111111111113]], "class": 1}