{"image": "S008-06-t10_01.jpg", "bboxes": [[0.1577777777777778, 0.0, 0.8333333333333334, 0.9200000000000002]], "class": 1}