{"image": "S008-06-t10_01.jpg", "bboxes": [[0.20666666666666667, 0.0, 0.8822222222222222, 0.8666666666666667]], "class": 1}