{"image": "S008-06-t10_01.jpg", "bboxes": [[0.13555555555555557, 0.0, 0.8111111111111111, 0.9244444444444444]], "class": 1}