{"image": "S008-06-t10_01.jpg", "bboxes": [[0.18000000000000005, 0.0, 0.8555555555555556, 0.8733333333333333]], "class": 1}