{"image": "S008-06-t10_01.jpg", "bboxes": [[0.1955555555555556, 0.0, 0.8711111111111112, 0.8600000000000001]], "class": 1}