{"image": "S008-06-t10_01.jpg", "bboxes": [[0.11333333333333333, 0.05333333333333334, 0.7888888888888889, 1.0]], "class": 1}