{"image": "S008-06-t10_01.jpg", "bboxes": [[0.19333333333333336, 0.0, 0.8688888888888888, 0.968888888888889]], "class": 1}