{"image": "S008-06-t10_01.jpg", "bboxes": [[0.16888888888888887, 0.0, 0.8444444444444444, 0.9333333333333333]], "class": 1}