{"image": "S008-06-t10_01.jpg", "bboxes": [[0.14888888888888885, 0.06666666666666654, 0.8244444444444444, 1.0]], "class": 1}