{"image": "S008-06-t10_01.jpg", "bboxes": [[0.21111111111111114, 0.1266666666666666, 0.8866666666666667, 1.0]], "class": 1}