{"image": "S008-06-t10_01.jpg", "bboxes": [[0.12666666666666668, 0.039999999999999925, 0.8022222222222222, 1.0]], "class": 1}