{"image": "S008-06-t10_01.jpg", "bboxes": [[0.12222222222222222, 0.013333333333333197, 0.7977777777777778, 0.9844444444444445]], "class": 1}