{"image": "S013-02-t10_01.jpg", "bboxes": [[0.38222222222222224, 0.0, 1.0, 0.5733333333333334]], "class": 1}