{"image": "S013-02-t10_01.jpg", "bboxes": [[0.3711111111111111, 0.0444444444444444, 1.0, 1.0]], "class": 1}