{"image": "S013-02-t10_01.jpg", "bboxes": [[0.37777777777777777, 0.4933333333333333, 1.0, 1.0]], "class": 1}