{"image": "S013-02-t10_01.jpg", "bboxes": [[0.0, 0.0, 0.8733333333333333, 0.9111111111111111]], "class": 1}