{"image": "S013-02-t10_01.jpg", "bboxes": [[0.0022222222222222365, 0.0, 0.9955555555555555, 1.0]], "class": 1}