{"image": "S013-02-t10_01.jpg", "bboxes": [[0.0, 0.0, 0.9755555555555555, 0.9577777777777777]], "class": 1}