{"image": "S013-02-t10_01.jpg", "bboxes": [[0.08888888888888889, 0.0, 1.0, 0.8288888888888889]], "class": 1}