{"image": "S013-02-t10_01.jpg", "bboxes": [[0.19777777777777777, 0.08444444444444445, 1.0, 1.0]], "class": 1}