{"image": "S013-02-t10_01.jpg", "bboxes": [[0.14888888888888885, 0.2088888888888889, 1.0, 1.0]], "class": 1}