{"image": "S013-02-t10_01.jpg", "bboxes": [[0.0, 0.23555555555555552, 0.8955555555555555, 1.0]], "class": 1}