{"image": "S013-02-t10_01.jpg", "bboxes": [[0.057777777777777775, 0.18666666666666668, 1.0, 1.0]], "class": 1}