{"image": "S013-02-t10_01.jpg", "bboxes": [[0.0, 0.0, 0.7133333333333334, 0.7244444444444444]], "class": 1}