{"image": "S013-02-t10_01.jpg", "bboxes": [[0.0, 0.0, 0.9866666666666667, 0.7577777777777778]], "class": 1}