{"image": "S013-02-t10_01.jpg", "bboxes": [[0.0, 0.011111111111111112, 0.8022222222222222, 1.0]], "class": 1}