{"image": "S013-02-t10_01.jpg", "bboxes": [[0.28888888888888886, 0.0, 1.0, 0.9933333333333333]], "class": 1}