{"image": "S013-02-t10_01.jpg", "bboxes": [[0.19111111111111112, 0.11777777777777776, 1.0, 1.0]], "class": 1}