{"image": "S013-02-t10_01.jpg", "bboxes": [[0.13333333333333333, 0.0, 1.0, 0.9044444444444444]], "class": 1}