{"image": "S013-02-t10_01.jpg", "bboxes": [[0.10222222222222221, 0.0, 1.0, 0.5822222222222222]], "class": 1}