{"image": "S013-02-t10_01.jpg", "bboxes": [[0.09999999999999998, 0.0, 1.0, 0.6088888888888889]], "class": 1}