{"image": "S013-02-t10_01.jpg", "bboxes": [[0.0, 0.10666666666666667, 0.5911111111111111, 1.0]], "class": 1}