{"image": "S013-02-t10_01.jpg", "bboxes": [[0.31555555555555553, 0.0, 1.0, 0.9644444444444444]], "class": 1}