{"image": "S013-02-t10_01.jpg", "bboxes": [[0.0, 0.0377777777777778, 0.8755555555555555, 1.0]], "class": 1}