{"image": "S013-02-t10_01.jpg", "bboxes": [[0.0, 0.0, 0.8355555555555556, 0.6911111111111111]], "class": 1}