{"image": "S013-02-t10_01.jpg", "bboxes": [[0.0, 0.0, 0.8822222222222222, 0.5733333333333334]], "class": 1}