{"image": "S013-02-t10_01.jpg", "bboxes": [[0.0, 0.0, 0.9577777777777777, 0.8288888888888889]], "class": 1}