{"image": "S013-02-t10_01.jpg", "bboxes": [[0.10666666666666667, 0.0, 1.0, 0.7622222222222222]], "class": 1}