{"image": "S013-02-t10_01.jpg", "bboxes": [[0.0, 0.022222222222222254, 0.8466666666666667, 1.0]], "class": 1}