{"image": "S013-02-t10_01.jpg", "bboxes": [[0.06888888888888889, 0.0, 1.0, 0.6266666666666667]], "class": 1}