{"image": "S013-02-t10_01.jpg", "bboxes": [[0.29333333333333333, 0.0, 1.0, 0.8466666666666667]], "class": 1}