{"image": "S013-02-t10_01.jpg", "bboxes": [[0.31777777777777777, 0.0, 1.0, 0.9555555555555556]], "class": 1}