{"image": "S013-02-t10_01.jpg", "bboxes": [[0.0, 0.18888888888888888, 0.6288888888888888, 1.0]], "class": 1}