{"image": "S013-02-t10_01.jpg", "bboxes": [[0.2822222222222222, 0.24888888888888894, 1.0, 1.0]], "class": 1}