{"image": "S013-02-t10_01.jpg", "bboxes": [[0.04888888888888889, 0.08444444444444445, 1.0, 1.0]], "class": 1}