{"image": "S013-02-t10_01.jpg", "bboxes": [[0.03777777777777778, 0.015555555555555555, 1.0, 1.0]], "class": 1}