{"image": "S013-02-t10_01.jpg", "bboxes": [[0.0, 0.0, 0.6133333333333333, 0.6444444444444445]], "class": 1}