{"image": "S013-02-t10_01.jpg", "bboxes": [[0.1711111111111111, 0.45111111111111113, 1.0, 1.0]], "class": 1}