{"image": "S013-02-t10_01.jpg", "bboxes": [[0.0, 0.1466666666666666, 0.9244444444444444, 1.0]], "class": 1}