{"image": "S013-02-t10_01.jpg", "bboxes": [[0.0, 0.0, 0.5888888888888889, 0.6866666666666666]], "class": 1}