{"image": "S013-02-t10_01.jpg", "bboxes": [[0.08444444444444443, 0.23555555555555555, 1.0, 1.0]], "class": 1}