{"image": "S013-02-t10_01.jpg", "bboxes": [[0.0, 0.37111111111111106, 0.8511111111111112, 1.0]], "class": 1}