{"image": "S027-01-t10_02.jpg", "bboxes": [[0.64, 0.011111111111111072, 1.0, 0.6733333333333333]], "class": 1}