{"image": "S027-01-t10_02.jpg", "bboxes": [[0.0, 0.4866666666666667, 0.6711111111111111, 1.0]], "class": 1}