{"image": "S027-01-t10_03.jpg", "bboxes": [[0.13111111111111112, 0.0, 0.8022222222222222, 0.5244444444444445]], "class": 1}