{"image": "S027-01-t10_03.jpg", "bboxes": [[0.0, 0.2733333333333333, 0.6088888888888888, 1.0]], "class": 1}