{"image": "S027-01-t10_03.jpg", "bboxes": [[0.0, 0.0, 0.45999999999999996, 0.17555555555555555]], "class": 1}