{"image": "S027-01-t10_01.jpg", "bboxes": [[0.34444444444444444, 0.0, 0.8688888888888889, 0.35333333333333333]], "class": 1}