{"image": "S027-01-t10_02.jpg", "bboxes": [[0.2733333333333333, 0.47333333333333333, 0.9511111111111111, 1.0]], "class": 1}