{"image": "S027-01-t10_03.jpg", "bboxes": [[0.16666666666666663, 0.11777777777777777, 0.8377777777777777, 0.8466666666666667]], "class": 1}