{"image": "S027-01-t10_01.jpg", "bboxes": [[0.25333333333333335, 0.52, 0.7777777777777778, 1.0]], "class": 1}