{"image": "S027-01-t10_03.jpg", "bboxes": [[0.0, 0.0, 0.3933333333333333, 0.5022222222222222]], "class": 1}