{"image": "S027-01-t10_01.jpg", "bboxes": [[0.09333333333333334, 0.7288888888888889, 0.6177777777777778, 1.0]], "class": 1}