{"image": "S027-01-t10_03.jpg", "bboxes": [[0.0, 0.8444444444444444, 0.5777777777777777, 1.0]], "class": 1}