{"image": "S027-01-t10_01.jpg", "bboxes": [[0.0, 0.6288888888888888, 0.5177777777777778, 1.0]], "class": 1}