{"image": "S027-01-t10_02.jpg", "bboxes": [[0.30000000000000004, 0.7022222222222223, 0.9777777777777777, 1.0]], "class": 1}