{"image": "S027-01-t10_01.jpg", "bboxes": [[0.6222222222222222, 0.07333333333333333, 1.0, 0.7688888888888888]], "class": 1}