{"image": "S027-01-t10_01.jpg", "bboxes": [[0.23333333333333328, 0.1111111111111111, 0.7577777777777778, 0.8066666666666666]], "class": 1}