{"image": "S027-01-t10_03.jpg", "bboxes": [[0.0, 0.0, 0.5555555555555556, 0.43777777777777777]], "class": 1}