{"image": "S027-01-t10_01.jpg", "bboxes": [[0.0, 0.5955555555555556, 0.5222222222222221, 1.0]], "class": 1}