{"image": "S027-01-t10_03.jpg", "bboxes": [[0.6444444444444445, 0.49111111111111116, 1.0, 1.0]], "class": 1}