{"image": "S027-01-t10_03.jpg", "bboxes": [[0.0, 0.0, 0.4688888888888889, 0.6244444444444445]], "class": 1}