{"image": "S027-01-t10_02.jpg", "bboxes": [[0.2088888888888889, 0.08, 0.8866666666666667, 0.7422222222222222]], "class": 1}