{"image": "S027-01-t10_01.jpg", "bboxes": [[0.4755555555555555, 0.05333333333333334, 1.0, 0.7488888888888889]], "class": 1}