{"image": "S027-01-t10_02.jpg", "bboxes": [[0.26666666666666666, 0.3933333333333333, 0.9444444444444444, 1.0]], "class": 1}