{"image": "S027-01-t10_02.jpg", "bboxes": [[0.0, 0.0, 0.5711111111111111, 0.5533333333333333]], "class": 1}