{"image": "S027-01-t10_01.jpg", "bboxes": [[0.24, 0.5866666666666667, 0.7644444444444445, 1.0]], "class": 1}