{"image": "S027-01-t10_02.jpg", "bboxes": [[0.1644444444444444, 0.1511111111111111, 0.8422222222222222, 0.8133333333333334]], "class": 1}