{"image": "S027-01-t10_02.jpg", "bboxes": [[0.0, 0.0, 0.3044444444444444, 0.5977777777777777]], "class": 1}