{"image": "S027-01-t10_03.jpg", "bboxes": [[0.5644444444444444, 0.6733333333333333, 1.0, 1.0]], "class": 1}