{"image": "S027-01-t10_02.jpg", "bboxes": [[0.15555555555555556, 0.5111111111111111, 0.8333333333333334, 1.0]], "class": 1}