{"image": "S027-01-t10_02.jpg", "bboxes": [[0.24444444444444444, 0.046666666666666634, 0.9222222222222223, 0.7088888888888889]], "class": 1}