{"image": "S027-01-t10_02.jpg", "bboxes": [[0.4177777777777778, 0.0, 1.0, 0.5955555555555556]], "class": 1}