{"image": "S027-01-t10_02.jpg", "bboxes": [[0.6622222222222223, 0.06666666666666665, 1.0, 0.7288888888888889]], "class": 1}