{"image": "S027-01-t10_03.jpg", "bboxes": [[0.4622222222222222, 0.13111111111111107, 1.0, 0.86]], "class": 1}