{"image": "S027-01-t10_02.jpg", "bboxes": [[0.24222222222222223, 0.0, 0.92, 0.14888888888888888]], "class": 1}