{"image": "S027-01-t10_01.jpg", "bboxes": [[0.26222222222222225, 0.1688888888888889, 0.7866666666666666, 0.8644444444444445]], "class": 1}