{"image": "S027-01-t10_01.jpg", "bboxes": [[0.35111111111111115, 0.20666666666666667, 0.8755555555555555, 0.9022222222222223]], "class": 1}