{"image": "S027-01-t10_01.jpg", "bboxes": [[0.42444444444444446, 0.7066666666666667, 0.9488888888888889, 1.0]], "class": 1}