{"image": "S027-01-t10_01.jpg", "bboxes": [[0.0, 0.4111111111111111, 0.5222222222222223, 1.0]], "class": 1}