{"image": "S027-01-t10_02.jpg", "bboxes": [[0.2222222222222222, 0.4622222222222222, 0.9, 1.0]], "class": 1}