{"image": "S027-01-t10_01.jpg", "bboxes": [[0.64, 0.18222222222222223, 1.0, 0.8777777777777778]], "class": 1}