{"image": "S027-01-t10_03.jpg", "bboxes": [[0.30000000000000004, 0.23333333333333328, 0.9711111111111111, 0.9622222222222222]], "class": 1}