{"image": "S027-01-t10_02.jpg", "bboxes": [[0.0, 0.0, 0.3488888888888889, 0.43555555555555553]], "class": 1}