{"image": "S027-01-t10_03.jpg", "bboxes": [[0.6711111111111111, 0.0, 1.0, 0.7133333333333334]], "class": 1}