{"image": "S027-01-t10_03.jpg", "bboxes": [[0.2511111111111111, 0.0, 0.9222222222222223, 0.5866666666666667]], "class": 1}