{"image": "S027-01-t10_01.jpg", "bboxes": [[0.28444444444444444, 0.0, 0.8088888888888889, 0.5222222222222223]], "class": 1}