{"image": "S027-01-t10_02.jpg", "bboxes": [[0.06666666666666667, 0.7888888888888889, 0.7444444444444445, 1.0]], "class": 1}