{"image": "S027-01-t10_03.jpg", "bboxes": [[0.3022222222222222, 0.0, 0.9733333333333334, 0.2822222222222222]], "class": 1}