{"image": "S027-01-t10_01.jpg", "bboxes": [[0.3666666666666667, 0.0, 0.8911111111111111, 0.37333333333333335]], "class": 1}