{"image": "S027-01-t10_01.jpg", "bboxes": [[0.0, 0.7155555555555555, 0.48444444444444446, 1.0]], "class": 1}