{"image": "S027-01-t10_01.jpg", "bboxes": [[0.0, 0.0, 0.37555555555555553, 0.1511111111111111]], "class": 1}