{"image": "S027-01-t10_02.jpg", "bboxes": [[0.20666666666666667, 0.0, 0.8844444444444445, 0.1622222222222222]], "class": 1}