{"image": "S027-01-t10_03.jpg", "bboxes": [[0.20666666666666667, 0.2088888888888889, 0.8777777777777778, 0.9377777777777778]], "class": 1}