{"image": "S027-01-t10_03.jpg", "bboxes": [[0.0, 0.24888888888888894, 0.2777777777777778, 0.9777777777777777]], "class": 1}