{"image": "S027-01-t10_01.jpg", "bboxes": [[0.08666666666666667, 0.0, 0.6111111111111112, 0.5222222222222221]], "class": 1}