{"image": "S027-01-t10_01.jpg", "bboxes": [[0.0, 0.24222222222222223, 0.3355555555555556, 0.9377777777777778]], "class": 1}