{"image": "S027-01-t10_01.jpg", "bboxes": [[0.0, 0.0, 0.5222222222222221, 0.5822222222222222]], "class": 1}