{"image": "S027-01-t10_03.jpg", "bboxes": [[0.0, 0.41333333333333333, 0.6155555555555556, 1.0]], "class": 1}