{"image": "S027-01-t10_03.jpg", "bboxes": [[0.4311111111111111, 0.12888888888888894, 1.0, 0.8577777777777778]], "class": 1}