{"image": "S027-01-t10_02.jpg", "bboxes": [[0.07333333333333336, 0.3622222222222222, 0.7511111111111111, 1.0]], "class": 1}