{"image": "S027-01-t10_03.jpg", "bboxes": [[0.5333333333333333, 0.17333333333333334, 1.0, 0.9022222222222223]], "class": 1}