{"image": "S027-01-t10_03.jpg", "bboxes": [[0.1111111111111111, 0.8333333333333334, 0.7822222222222223, 1.0]], "class": 1}