{"image": "S027-01-t10_02.jpg", "bboxes": [[0.0, 0.35777777777777775, 0.5577777777777777, 1.0]], "class": 1}