{"image": "S027-01-t10_02.jpg", "bboxes": [[0.12222222222222223, 0.14, 0.8, 0.8022222222222222]], "class": 1}