{"image": "S027-01-t10_02.jpg", "bboxes": [[0.18888888888888888, 0.6088888888888888, 0.8666666666666667, 1.0]], "class": 1}