{"image": "S027-01-t10_02.jpg", "bboxes": [[0.10222222222222221, 0.0, 0.78, 0.5711111111111111]], "class": 1}