{"image": "S027-01-t10_03.jpg", "bboxes": [[0.4688888888888889, 0.0, 1.0, 0.6155555555555555]], "class": 1}