{"image": "S027-01-t10_02.jpg", "bboxes": [[0.011111111111111112, 0.7333333333333334, 0.6888888888888889, 1.0]], "class": 1}