{"image": "S027-01-t10_01.jpg", "bboxes": [[0.16, 0.0, 0.6844444444444444, 0.6733333333333333]], "class": 1}