{"image": "S027-01-t10_02.jpg", "bboxes": [[0.1644444444444444, 0.0, 0.8422222222222222, 0.35777777777777775]], "class": 1}