{"image": "S027-01-t10_03.jpg", "bboxes": [[0.2466666666666667, 0.0, 0.9177777777777778, 0.6044444444444445]], "class": 1}