{"image": "S027-01-t10_03.jpg", "bboxes": [[0.06444444444444444, 0.14, 0.7355555555555555, 0.8688888888888888]], "class": 1}