{"image": "S027-01-t10_01.jpg", "bboxes": [[0.39555555555555555, 0.0, 0.92, 0.5311111111111111]], "class": 1}