{"image": "S027-01-t10_03.jpg", "bboxes": [[0.52, 0.20666666666666667, 1.0, 0.9355555555555556]], "class": 1}