{"image": "S027-01-t10_01.jpg", "bboxes": [[0.3088888888888889, 0.4911111111111111, 0.8333333333333334, 1.0]], "class": 1}