{"image": "S027-01-t10_02.jpg", "bboxes": [[0.12, 0.4911111111111111, 0.7977777777777778, 1.0]], "class": 1}