{"image": "S027-01-t10_01.jpg", "bboxes": [[0.040000000000000036, 0.2844444444444445, 0.5644444444444445, 0.98]], "class": 1}