{"image": "S027-01-t10_03.jpg", "bboxes": [[0.06222222222222222, 0.8688888888888888, 0.7333333333333333, 1.0]], "class": 1}