{"image": "S027-01-t10_01.jpg", "bboxes": [[0.0, 0.1844444444444444, 0.3466666666666667, 0.88]], "class": 1}