{"image": "S027-01-t10_01.jpg", "bboxes": [[0.013333333333333308, 0.0822222222222222, 0.5377777777777778, 0.7777777777777778]], "class": 1}