{"image": "S027-01-t10_01.jpg", "bboxes": [[0.10444444444444445, 0.0, 0.6288888888888888, 0.4222222222222222]], "class": 1}