{"image": "S027-01-t10_02.jpg", "bboxes": [[0.5888888888888889, 0.39111111111111113, 1.0, 1.0]], "class": 1}