{"image": "S027-01-t10_03.jpg", "bboxes": [[0.13555555555555557, 0.40888888888888886, 0.8066666666666666, 1.0]], "class": 1}