{"image": "S027-01-t10_02.jpg", "bboxes": [[0.0, 0.7844444444444445, 0.4933333333333333, 1.0]], "class": 1}