{"image": "S027-01-t10_03.jpg", "bboxes": [[0.1688888888888889, 0.0, 0.84, 0.5511111111111111]], "class": 1}