{"image": "S027-01-t10_03.jpg", "bboxes": [[0.4822222222222222, 0.05777777777777782, 1.0, 0.7866666666666666]], "class": 1}