{"image": "S027-01-t10_02.jpg", "bboxes": [[0.2311111111111111, 0.06000000000000005, 0.9088888888888889, 0.7222222222222222]], "class": 1}