{"image": "S027-01-t10_03.jpg", "bboxes": [[0.03111111111111109, 0.013333333333333334, 0.7022222222222223, 0.7422222222222222]], "class": 1}