{"image": "S027-01-t10_02.jpg", "bboxes": [[0.05777777777777782, 0.3933333333333333, 0.7355555555555555, 1.0]], "class": 1}