{"image": "S027-01-t10_03.jpg", "bboxes": [[0.36, 0.05333333333333334, 1.0, 0.7822222222222223]], "class": 1}