{"image": "S027-01-t10_02.jpg", "bboxes": [[0.43555555555555553, 0.0, 1.0, 0.5688888888888889]], "class": 1}