{"image": "S027-01-t10_03.jpg", "bboxes": [[0.12444444444444444, 0.0, 0.7955555555555556, 0.5822222222222222]], "class": 1}