{"image": "S027-01-t10_02.jpg", "bboxes": [[0.22666666666666668, 0.7911111111111111, 0.9044444444444444, 1.0]], "class": 1}