{"image": "S027-01-t10_01.jpg", "bboxes": [[0.36888888888888893, 0.5111111111111111, 0.8933333333333333, 1.0]], "class": 1}