{"image": "S027-01-t10_01.jpg", "bboxes": [[0.042222222222222223, 0.7733333333333333, 0.5666666666666667, 1.0]], "class": 1}