{"image": "S027-01-t10_01.jpg", "bboxes": [[0.48888888888888893, 0.0, 1.0, 0.528888888888889]], "class": 1}