{"image": "S027-01-t10_01.jpg", "bboxes": [[0.033333333333333326, 0.0, 0.5577777777777777, 0.5155555555555555]], "class": 1}