{"image": "S027-01-t10_01.jpg", "bboxes": [[0.02666666666666667, 0.4666666666666667, 0.5511111111111111, 1.0]], "class": 1}