{"image": "S027-01-t10_01.jpg", "bboxes": [[0.022222222222222254, 0.24444444444444446, 0.5466666666666666, 0.94]], "class": 1}