{"image": "S027-01-t10_01.jpg", "bboxes": [[0.2666666666666667, 0.0, 0.7911111111111111, 0.6311111111111112]], "class": 1}