{"image": "S027-01-t10_01.jpg", "bboxes": [[0.19333333333333336, 0.14222222222222225, 0.7177777777777778, 0.8377777777777777]], "class": 1}