{"image": "S027-01-t10_03.jpg", "bboxes": [[0.24222222222222223, 0.0, 0.9133333333333333, 0.4177777777777778]], "class": 1}