{"image": "S027-01-t10_03.jpg", "bboxes": [[0.0, 0.5022222222222222, 0.48888888888888893, 1.0]], "class": 1}