{"image": "S027-01-t10_02.jpg", "bboxes": [[0.0, 0.8111111111111111, 0.4444444444444444, 1.0]], "class": 1}