{"image": "S027-01-t10_03.jpg", "bboxes": [[0.6622222222222223, 0.15555555555555556, 1.0, 0.8844444444444445]], "class": 1}