{"image": "S027-01-t10_03.jpg", "bboxes": [[0.0955555555555555, 0.4177777777777778, 0.7666666666666666, 1.0]], "class": 1}