{"image": "S027-01-t10_01.jpg", "bboxes": [[0.0, 0.2733333333333333, 0.49777777777777776, 0.9688888888888889]], "class": 1}