{"image": "S027-01-t10_01.jpg", "bboxes": [[0.024444444444444446, 0.6177777777777778, 0.5488888888888889, 1.0]], "class": 1}