{"image": "S027-01-t10_02.jpg", "bboxes": [[0.0, 0.18444444444444444, 0.6044444444444445, 0.8466666666666667]], "class": 1}