{"image": "S027-01-t10_03.jpg", "bboxes": [[0.0, 0.2866666666666666, 0.4933333333333333, 1.0]], "class": 1}