{"image": "S027-01-t10_02.jpg", "bboxes": [[0.0955555555555555, 0.0, 0.7733333333333333, 0.22666666666666666]], "class": 1}