{"image": "S027-01-t10_01.jpg", "bboxes": [[0.6577777777777778, 0.5444444444444445, 1.0, 1.0]], "class": 1}