{"image": "S027-01-t10_01.jpg", "bboxes": [[0.04888888888888889, 0.0, 0.5733333333333334, 0.5533333333333333]], "class": 1}