{"image": "S027-01-t10_01.jpg", "bboxes": [[0.0, 0.4444444444444444, 0.4866666666666667, 1.0]], "class": 1}