{"image": "S027-01-t10_02.jpg", "bboxes": [[0.0, 0.43333333333333335, 0.3844444444444445, 1.0]], "class": 1}