{"image": "S027-01-t10_03.jpg", "bboxes": [[0.0, 0.0, 0.6444444444444444, 0.24666666666666667]], "class": 1}