{"image": "S027-01-t10_02.jpg", "bboxes": [[0.23333333333333328, 0.08444444444444445, 0.9111111111111111, 0.7466666666666667]], "class": 1}