{"image": "S027-01-t10_01.jpg", "bboxes": [[0.4822222222222222, 0.0, 1.0, 0.12222222222222222]], "class": 1}