{"image": "S027-01-t10_01.jpg", "bboxes": [[0.38, 0.026666666666666616, 0.9044444444444444, 0.7222222222222222]], "class": 1}