{"image": "S027-01-t10_02.jpg", "bboxes": [[0.21777777777777776, 0.0, 0.8955555555555555, 0.6022222222222222]], "class": 1}