{"image": "S027-01-t10_03.jpg", "bboxes": [[0.0, 0.7133333333333334, 0.4488888888888889, 1.0]], "class": 1}