{"image": "S027-01-t10_02.jpg", "bboxes": [[0.5933333333333334, 0.0, 1.0, 0.12222222222222222]], "class": 1}