{"image": "S027-01-t10_01.jpg", "bboxes": [[0.22666666666666666, 0.5266666666666666, 0.7511111111111111, 1.0]], "class": 1}