{"image": "S027-01-t10_03.jpg", "bboxes": [[0.0, 0.7911111111111111, 0.36888888888888893, 1.0]], "class": 1}