{"image": "S027-01-t10_03.jpg", "bboxes": [[0.6333333333333333, 0.16444444444444445, 1.0, 0.8933333333333333]], "class": 1}