{"image": "S027-01-t10_02.jpg", "bboxes": [[0.5866666666666667, 0.9288888888888889, 1.0, 1.0]], "class": 1}