{"image": "S027-01-t10_03.jpg", "bboxes": [[0.0, 0.8133333333333334, 0.33777777777777773, 1.0]], "class": 1}