{"image": "S027-01-t10_02.jpg", "bboxes": [[0.27555555555555555, 0.9155555555555556, 0.9533333333333334, 1.0]], "class": 1}