{"image": "S027-01-t10_01.jpg", "bboxes": [[0.1511111111111111, 0.8488888888888889, 0.6755555555555556, 1.0]], "class": 1}