{"image": "S027-01-t10_02.jpg", "bboxes": [[0.4111111111111111, 0.05555555555555555, 1.0, 0.7177777777777777]], "class": 1}