{"image": "S027-01-t10_03.jpg", "bboxes": [[0.6866666666666666, 0.37777777777777777, 1.0, 1.0]], "class": 1}