{"image": "S027-01-t10_01.jpg", "bboxes": [[0.21999999999999997, 0.0, 0.7444444444444445, 0.5644444444444444]], "class": 1}