{"image": "S027-01-t10_03.jpg", "bboxes": [[0.0, 0.0, 0.6155555555555556, 0.35333333333333333]], "class": 1}