{"image": "S027-01-t10_03.jpg", "bboxes": [[0.028888888888888888, 0.05333333333333334, 0.7, 0.7822222222222223]], "class": 1}