{"image": "S027-01-t10_01.jpg", "bboxes": [[0.0, 0.18222222222222217, 0.52, 0.8777777777777778]], "class": 1}