{"image": "S027-01-t10_02.jpg", "bboxes": [[0.29777777777777775, 0.4266666666666667, 0.9755555555555555, 1.0]], "class": 1}