{"image": "S027-01-t10_01.jpg", "bboxes": [[0.0, 0.30666666666666664, 0.38222222222222224, 1.0]], "class": 1}