{"image": "S027-01-t10_03.jpg", "bboxes": [[0.6955555555555556, 0.3044444444444444, 1.0, 1.0]], "class": 1}