{"image": "S027-01-t10_03.jpg", "bboxes": [[0.0, 0.30666666666666664, 0.5755555555555556, 1.0]], "class": 1}