{"image": "S027-01-t10_01.jpg", "bboxes": [[0.20222222222222222, 0.3711111111111111, 0.7266666666666667, 1.0]], "class": 1}