{"image": "S027-01-t10_03.jpg", "bboxes": [[0.5955555555555555, 0.6622222222222223, 1.0, 1.0]], "class": 1}