{"image": "S027-01-t10_01.jpg", "bboxes": [[0.2155555555555555, 0.16444444444444445, 0.74, 0.86]], "class": 1}