{"image": "S027-01-t10_02.jpg", "bboxes": [[0.6977777777777778, 0.2577777777777778, 1.0, 0.92]], "class": 1}