{"image": "S027-01-t10_01.jpg", "bboxes": [[0.6066666666666667, 0.8666666666666667, 1.0, 1.0]], "class": 1}