{"image": "S027-01-t10_02.jpg", "bboxes": [[0.5622222222222222, 0.13111111111111112, 1.0, 0.7933333333333333]], "class": 1}