{"image": "S027-01-t10_02.jpg", "bboxes": [[0.20444444444444446, 0.15111111111111108, 0.8822222222222222, 0.8133333333333334]], "class": 1}