{"image": "S027-01-t10_01.jpg", "bboxes": [[0.40888888888888886, 0.05555555555555555, 0.9333333333333333, 0.7511111111111111]], "class": 1}