{"image": "S027-01-t10_02.jpg", "bboxes": [[0.0, 0.38888888888888884, 0.43333333333333335, 1.0]], "class": 1}