{"image": "S027-01-t10_02.jpg", "bboxes": [[0.011111111111111072, 0.0, 0.6888888888888889, 0.49333333333333335]], "class": 1}