{"image": "S027-01-t10_03.jpg", "bboxes": [[0.0, 0.0, 0.49111111111111116, 0.28888888888888886]], "class": 1}