{"image": "S027-01-t10_03.jpg", "bboxes": [[0.05555555555555558, 0.19777777777777783, 0.7266666666666667, 0.9266666666666666]], "class": 1}