{"image": "S027-01-t10_02.jpg", "bboxes": [[0.0, 0.3533333333333334, 0.5377777777777778, 1.0]], "class": 1}