{"image": "S027-01-t10_01.jpg", "bboxes": [[0.47555555555555556, 0.5666666666666667, 1.0, 1.0]], "class": 1}