{"image": "S027-01-t10_02.jpg", "bboxes": [[0.6777777777777778, 0.0, 1.0, 0.4866666666666667]], "class": 1}