{"image": "S027-01-t10_02.jpg", "bboxes": [[0.19777777777777777, 0.48, 0.8755555555555555, 1.0]], "class": 1}