{"image": "S027-01-t10_01.jpg", "bboxes": [[0.5177777777777778, 0.22, 1.0, 0.9155555555555556]], "class": 1}