{"image": "S027-01-t10_02.jpg", "bboxes": [[0.08666666666666667, 0.3333333333333333, 0.7644444444444445, 0.9955555555555555]], "class": 1}