{"image": "S027-01-t10_01.jpg", "bboxes": [[0.02444444444444449, 0.0, 0.5488888888888889, 0.2688888888888889]], "class": 1}