{"image": "S027-01-t10_03.jpg", "bboxes": [[0.47333333333333333, 0.0, 1.0, 0.14888888888888888]], "class": 1}