{"image": "S027-01-t10_01.jpg", "bboxes": [[0.14222222222222222, 0.4111111111111111, 0.6666666666666666, 1.0]], "class": 1}