{"image": "S027-01-t10_01.jpg", "bboxes": [[0.16888888888888887, 0.5666666666666667, 0.6933333333333334, 1.0]], "class": 1}