{"image": "S027-01-t10_03.jpg", "bboxes": [[0.0, 0.38222222222222224, 0.3155555555555556, 1.0]], "class": 1}