{"image": "S027-01-t10_03.jpg", "bboxes": [[0.3622222222222222, 0.23777777777777775, 1.0, 0.9666666666666667]], "class": 1}