{"image": "S027-01-t10_02.jpg", "bboxes": [[0.17555555555555558, 0.4111111111111111, 0.8533333333333333, 1.0]], "class": 1}