{"image": "S027-01-t10_03.jpg", "bboxes": [[0.3488888888888889, 0.6866666666666666, 1.0, 1.0]], "class": 1}