{"image": "S027-01-t10_03.jpg", "bboxes": [[0.0, 0.0, 0.5866666666666667, 0.11777777777777777]], "class": 1}