{"image": "S041-01-t10_01.jpg", "bboxes": [[0.18888888888888888, 0.03777777777777778, 0.7377777777777778, 0.7688888888888888]], "class": 1}