{"image": "S041-01-t10_01.jpg", "bboxes": [[0.23555555555555552, 0.23111111111111116, 0.7844444444444445, 0.9622222222222222]], "class": 1}