{"image": "S041-01-t10_01.jpg", "bboxes": [[0.18888888888888888, 0.14222222222222225, 0.7377777777777778, 0.8733333333333333]], "class": 1}