{"image": "S041-01-t10_01.jpg", "bboxes": [[0.24888888888888894, 0.14444444444444443, 0.7977777777777778, 0.8755555555555555]], "class": 1}