{"image": "S041-01-t10_01.jpg", "bboxes": [[0.22444444444444445, 0.013333333333333308, 0.7733333333333333, 0.7444444444444445]], "class": 1}