{"image": "S041-01-t10_01.jpg", "bboxes": [[0.23111111111111116, 0.0, 0.78, 0.6866666666666666]], "class": 1}