{"image": "S041-01-t10_01.jpg", "bboxes": [[0.24444444444444444, 0.18888888888888888, 0.7933333333333333, 0.92]], "class": 1}