{"image": "S041-01-t10_01.jpg", "bboxes": [[0.20444444444444446, 0.1711111111111111, 0.7533333333333333, 0.9022222222222223]], "class": 1}