{"image": "S041-01-t10_01.jpg", "bboxes": [[0.23777777777777775, 0.017777777777777778, 0.7866666666666666, 0.7488888888888889]], "class": 1}