{"image": "S041-01-t10_01.jpg", "bboxes": [[0.25111111111111106, 0.25555555555555554, 0.8, 0.9866666666666667]], "class": 1}