{"image": "S041-01-t10_01.jpg", "bboxes": [[0.24444444444444444, 0.0044444444444444444, 0.7933333333333333, 0.7355555555555555]], "class": 1}