{"image": "S041-01-t10_01.jpg", "bboxes": [[0.24666666666666667, 0.07999999999999996, 0.7955555555555556, 0.8111111111111111]], "class": 1}