{"image": "S041-01-t10_01.jpg", "bboxes": [[0.22666666666666668, 0.2866666666666666, 0.7755555555555556, 1.0]], "class": 1}