{"image": "S041-01-t10_01.jpg", "bboxes": [[0.2088888888888889, 0.16888888888888887, 0.7577777777777778, 0.9]], "class": 1}