{"image": "S041-01-t10_01.jpg", "bboxes": [[0.20222222222222222, 0.03333333333333333, 0.7511111111111111, 0.7644444444444445]], "class": 1}