{"image": "S041-01-t10_01.jpg", "bboxes": [[0.20444444444444443, 0.13555555555555557, 0.7533333333333333, 0.8666666666666667]], "class": 1}