{"image": "S041-01-t10_01.jpg", "bboxes": [[0.2222222222222222, 0.040000000000000036, 0.7711111111111111, 0.7711111111111111]], "class": 1}