{"image": "S041-01-t10_01.jpg", "bboxes": [[0.24888888888888888, 0.23777777777777775, 0.7977777777777778, 0.9688888888888889]], "class": 1}