{"image": "S041-01-t10_01.jpg", "bboxes": [[0.2288888888888889, 0.28, 0.7777777777777778, 1.0]], "class": 1}