{"image": "S041-01-t10_01.jpg", "bboxes": [[0.21777777777777774, 0.0, 0.7666666666666666, 0.6888888888888889]], "class": 1}