{"image": "S041-01-t10_01.jpg", "bboxes": [[0.26222222222222225, 0.2088888888888889, 0.8111111111111111, 0.94]], "class": 1}