{"image": "S041-01-t10_01.jpg", "bboxes": [[0.23777777777777775, 0.21999999999999997, 0.7866666666666666, 0.9511111111111111]], "class": 1}