{"image": "S041-01-t10_01.jpg", "bboxes": [[0.24444444444444446, 0.1622222222222222, 0.7933333333333333, 0.8933333333333333]], "class": 1}