{"image": "S041-01-t10_01.jpg", "bboxes": [[0.1955555555555556, 0.02666666666666667, 0.7444444444444445, 0.7577777777777778]], "class": 1}