{"image": "S041-01-t10_01.jpg", "bboxes": [[0.19777777777777783, 0.06444444444444444, 0.7466666666666666, 0.7955555555555556]], "class": 1}