{"image": "S041-01-t10_01.jpg", "bboxes": [[0.18666666666666665, 0.1711111111111111, 0.7355555555555555, 0.9022222222222223]], "class": 1}