{"image": "S041-01-t10_01.jpg", "bboxes": [[0.24, 0.0, 0.7888888888888889, 0.7288888888888889]], "class": 1}