{"image": "S041-01-t10_01.jpg", "bboxes": [[0.22888888888888892, 0.30222222222222217, 0.7777777777777778, 1.0]], "class": 1}