{"image": "S041-01-t10_01.jpg", "bboxes": [[0.21333333333333337, 0.15333333333333332, 0.7622222222222222, 0.8844444444444445]], "class": 1}