{"image": "S041-01-t10_01.jpg", "bboxes": [[0.2311111111111111, 0.23333333333333328, 0.78, 0.9644444444444444]], "class": 1}