{"image": "S041-01-t10_01.jpg", "bboxes": [[0.2088888888888889, 0.13555555555555554, 0.7577777777777778, 0.8666666666666667]], "class": 1}