{"image": "S041-01-t10_01.jpg", "bboxes": [[0.20444444444444446, 0.2222222222222222, 0.7533333333333333, 0.9533333333333334]], "class": 1}