{"image": "S041-01-t10_01.jpg", "bboxes": [[0.20666666666666667, 0.0, 0.7555555555555555, 0.6977777777777778]], "class": 1}