{"image": "S041-01-t10_01.jpg", "bboxes": [[0.18666666666666665, 0.0, 0.7355555555555555, 0.7044444444444444]], "class": 1}