{"image": "S041-01-t10_01.jpg", "bboxes": [[0.22666666666666668, 0.24222222222222223, 0.7755555555555556, 0.9733333333333334]], "class": 1}