{"image": "S041-01-t10_01.jpg", "bboxes": [[0.19111111111111112, 0.2733333333333333, 0.74, 1.0]], "class": 1}