{"image": "S041-01-t10_01.jpg", "bboxes": [[0.23555555555555552, 0.07111111111111112, 0.7844444444444445, 0.8022222222222222]], "class": 1}