{"image": "S041-01-t10_01.jpg", "bboxes": [[0.19777777777777777, 0.16, 0.7466666666666667, 0.8911111111111111]], "class": 1}