{"image": "S041-01-t10_01.jpg", "bboxes": [[0.21555555555555556, 0.0, 0.7644444444444445, 0.72]], "class": 1}