{"image": "S041-01-t10_01.jpg", "bboxes": [[0.2088888888888889, 0.1511111111111111, 0.7577777777777778, 0.8822222222222222]], "class": 1}