{"image": "S041-01-t10_01.jpg", "bboxes": [[0.23555555555555555, 0.1622222222222222, 0.7844444444444445, 0.8933333333333333]], "class": 1}