{"image": "S041-01-t10_01.jpg", "bboxes": [[0.25333333333333335, 0.2777777777777778, 0.8022222222222222, 1.0]], "class": 1}