{"image": "S041-01-t10_01.jpg", "bboxes": [[0.2288888888888889, 0.0, 0.7777777777777778, 0.7155555555555555]], "class": 1}