{"image": "S041-01-t10_01.jpg", "bboxes": [[0.22888888888888892, 0.14888888888888888, 0.7777777777777778, 0.88]], "class": 1}