{"image": "S041-01-t10_01.jpg", "bboxes": [[0.24444444444444444, 0.14888888888888885, 0.7933333333333333, 0.88]], "class": 1}