{"image": "S041-01-t10_01.jpg", "bboxes": [[0.26, 0.24888888888888894, 0.8088888888888889, 0.98]], "class": 1}