{"image": "S041-01-t10_01.jpg", "bboxes": [[0.24666666666666667, 0.23333333333333334, 0.7955555555555556, 0.9644444444444444]], "class": 1}