{"image": "S041-01-t10_01.jpg", "bboxes": [[0.22444444444444445, 0.17333333333333334, 0.7733333333333333, 0.9044444444444444]], "class": 1}