{"image": "S041-01-t10_01.jpg", "bboxes": [[0.22666666666666668, 0.13555555555555554, 0.7755555555555556, 0.8666666666666667]], "class": 1}