{"image": "S041-01-t10_01.jpg", "bboxes": [[0.2111111111111111, 0.14, 0.76, 0.8711111111111112]], "class": 1}