{"image": "S041-01-t10_01.jpg", "bboxes": [[0.25333333333333335, 0.11777777777777777, 0.8022222222222222, 0.8488888888888889]], "class": 1}