{"image": "S041-01-t10_01.jpg", "bboxes": [[0.2466666666666667, 0.3155555555555556, 0.7955555555555556, 1.0]], "class": 1}