{"image": "S041-01-t10_01.jpg", "bboxes": [[0.24888888888888894, 0.0, 0.7977777777777778, 0.7288888888888889]], "class": 1}