{"image": "S041-01-t10_01.jpg", "bboxes": [[0.19777777777777777, 0.09555555555555556, 0.7466666666666667, 0.8266666666666667]], "class": 1}