{"image": "S041-01-t10_01.jpg", "bboxes": [[0.21333333333333335, 0.0, 0.7622222222222222, 0.7244444444444444]], "class": 1}