{"image": "S041-01-t10_01.jpg", "bboxes": [[0.2311111111111111, 0.18222222222222223, 0.78, 0.9133333333333333]], "class": 1}