{"image": "S041-01-t10_01.jpg", "bboxes": [[0.2, 0.14666666666666667, 0.7488888888888889, 0.8777777777777778]], "class": 1}