{"image": "S041-01-t10_01.jpg", "bboxes": [[0.1955555555555556, 0.0, 0.7444444444444445, 0.72]], "class": 1}