{"image": "S044-05-t10_01.jpg", "bboxes": [[0.19999999999999996, 0.26222222222222225, 0.6888888888888889, 0.9044444444444445]], "class": 1}