{"image": "S044-05-t10_01.jpg", "bboxes": [[0.2022222222222222, 0.3177777777777778, 0.6911111111111111, 0.96]], "class": 1}