{"image": "S044-05-t10_01.jpg", "bboxes": [[0.3333333333333333, 0.1777777777777778, 0.8222222222222222, 0.8200000000000001]], "class": 1}