{"image": "S044-07-t10_01.jpg", "bboxes": [[0.20444444444444446, 0.15777777777777777, 0.7133333333333334, 0.8844444444444445]], "class": 1}