{"image": "S044-05-t10_01.jpg", "bboxes": [[0.3111111111111111, 0.10222222222222223, 0.8, 0.7444444444444445]], "class": 1}