{"image": "S044-02-t10_01.jpg", "bboxes": [[0.28222222222222226, 0.28000000000000014, 0.7488888888888889, 0.9177777777777778]], "class": 1}