{"image": "S044-02-t10_01.jpg", "bboxes": [[0.2666666666666667, 0.3933333333333334, 0.7333333333333334, 1.0]], "class": 1}