{"image": "S044-05-t10_01.jpg", "bboxes": [[0.19777777777777783, 0.18222222222222223, 0.6866666666666666, 0.8244444444444444]], "class": 1}