{"image": "S044-05-t10_01.jpg", "bboxes": [[0.20444444444444443, 0.02, 0.6933333333333334, 0.6622222222222223]], "class": 1}