{"image": "S044-07-t10_01.jpg", "bboxes": [[0.26, 0.3533333333333334, 0.7688888888888888, 1.0]], "class": 1}