{"image": "S044-05-t10_01.jpg", "bboxes": [[0.3, 0.05555555555555558, 0.7888888888888889, 0.6977777777777778]], "class": 1}