{"image": "S044-07-t10_01.jpg", "bboxes": [[0.24222222222222223, 0.17777777777777778, 0.7511111111111111, 0.9044444444444445]], "class": 1}