{"image": "S044-05-t10_01.jpg", "bboxes": [[0.33555555555555555, 0.2222222222222222, 0.8244444444444444, 0.8644444444444445]], "class": 1}