{"image": "S044-02-t10_01.jpg", "bboxes": [[0.23777777777777778, 0.10222222222222223, 0.7044444444444444, 0.7399999999999999]], "class": 1}