{"image": "S044-02-t10_01.jpg", "bboxes": [[0.3088888888888889, 0.16222222222222238, 0.7755555555555556, 0.8]], "class": 1}