{"image": "S044-07-t10_01.jpg", "bboxes": [[0.24444444444444446, 0.0, 0.7533333333333333, 0.6711111111111111]], "class": 1}