{"image": "S044-02-t10_01.jpg", "bboxes": [[0.26888888888888884, 0.0, 0.7355555555555555, 0.6288888888888887]], "class": 1}