{"image": "S044-05-t10_01.jpg", "bboxes": [[0.16666666666666663, 0.12444444444444444, 0.6555555555555556, 0.7666666666666667]], "class": 1}