{"image": "S044-05-t10_01.jpg", "bboxes": [[0.21333333333333337, 0.33777777777777773, 0.7022222222222223, 0.98]], "class": 1}