{"image": "S044-05-t10_01.jpg", "bboxes": [[0.16222222222222227, 0.26222222222222225, 0.6511111111111111, 0.9044444444444445]], "class": 1}