{"image": "S044-07-t10_01.jpg", "bboxes": [[0.2644444444444444, 0.20666666666666667, 0.7733333333333333, 0.9333333333333333]], "class": 1}