{"image": "S044-05-t10_01.jpg", "bboxes": [[0.35777777777777775, 0.31999999999999995, 0.8466666666666667, 0.9622222222222222]], "class": 1}