{"image": "S044-02-t10_01.jpg", "bboxes": [[0.30666666666666664, 0.03111111111111111, 0.7733333333333333, 0.6688888888888888]], "class": 1}