{"image": "S044-07-t10_01.jpg", "bboxes": [[0.24222222222222223, 0.12222222222222223, 0.7511111111111111, 0.8488888888888889]], "class": 1}