{"image": "S044-02-t10_01.jpg", "bboxes": [[0.29555555555555557, 0.2688888888888889, 0.7622222222222222, 0.9066666666666665]], "class": 1}