{"image": "S044-02-t10_01.jpg", "bboxes": [[0.2666666666666667, 0.328888888888889, 0.7333333333333334, 0.9666666666666667]], "class": 1}