{"image": "S044-02-t10_01.jpg", "bboxes": [[0.30000000000000004, 0.2533333333333334, 0.7666666666666666, 0.8911111111111111]], "class": 1}