{"image": "S044-02-t10_01.jpg", "bboxes": [[0.24222222222222223, 0.2977777777777779, 0.7088888888888889, 0.9355555555555556]], "class": 1}