{"image": "S044-07-t10_01.jpg", "bboxes": [[0.22666666666666666, 0.21333333333333337, 0.7355555555555555, 0.94]], "class": 1}