{"image": "S044-05-t10_01.jpg", "bboxes": [[0.29333333333333333, 0.1711111111111111, 0.7822222222222223, 0.8133333333333334]], "class": 1}