{"image": "S044-07-t10_01.jpg", "bboxes": [[0.21333333333333335, 0.11111111111111116, 0.7222222222222222, 0.8377777777777777]], "class": 1}