{"image": "S044-05-t10_01.jpg", "bboxes": [[0.29777777777777775, 0.36444444444444446, 0.7866666666666666, 1.0]], "class": 1}