{"image": "S044-07-t10_01.jpg", "bboxes": [[0.25555555555555554, 0.3288888888888889, 0.7644444444444445, 1.0]], "class": 1}