{"image": "S044-05-t10_01.jpg", "bboxes": [[0.31555555555555553, 0.36444444444444446, 0.8044444444444444, 1.0]], "class": 1}