{"image": "S044-07-t10_01.jpg", "bboxes": [[0.25333333333333335, 0.37111111111111106, 0.7622222222222222, 1.0]], "class": 1}