{"image": "S044-07-t10_01.jpg", "bboxes": [[0.21777777777777776, 0.2222222222222222, 0.7266666666666667, 0.9488888888888889]], "class": 1}