{"image": "S044-05-t10_01.jpg", "bboxes": [[0.16888888888888887, 0.12888888888888894, 0.6577777777777778, 0.7711111111111111]], "class": 1}