{"image": "S044-07-t10_01.jpg", "bboxes": [[0.24888888888888894, 0.10222222222222221, 0.7577777777777778, 0.8288888888888889]], "class": 1}