{"image": "S044-07-t10_01.jpg", "bboxes": [[0.2311111111111111, 0.06444444444444442, 0.74, 0.7911111111111111]], "class": 1}