{"image": "S044-07-t10_01.jpg", "bboxes": [[0.21333333333333335, 0.19555555555555557, 0.7222222222222222, 0.9222222222222223]], "class": 1}