{"image": "S044-05-t10_01.jpg", "bboxes": [[0.19777777777777783, 0.27111111111111114, 0.6866666666666666, 0.9133333333333333]], "class": 1}