{"image": "S044-02-t10_01.jpg", "bboxes": [[0.28222222222222226, 0.3800000000000001, 0.7488888888888889, 1.0]], "class": 1}