{"image": "S044-07-t10_01.jpg", "bboxes": [[0.2688888888888889, 0.14666666666666667, 0.7777777777777778, 0.8733333333333333]], "class": 1}