{"image": "S044-05-t10_01.jpg", "bboxes": [[0.1844444444444444, 0.09555555555555556, 0.6733333333333333, 0.7377777777777778]], "class": 1}