{"image": "S044-07-t10_01.jpg", "bboxes": [[0.28, 0.10222222222222223, 0.7888888888888889, 0.8288888888888889]], "class": 1}