{"image": "S044-05-t10_01.jpg", "bboxes": [[0.17333333333333334, 0.32666666666666666, 0.6622222222222223, 0.9688888888888889]], "class": 1}