{"image": "S044-05-t10_01.jpg", "bboxes": [[0.1844444444444444, 0.31999999999999995, 0.6733333333333333, 0.9622222222222222]], "class": 1}