{"image": "S044-02-t10_01.jpg", "bboxes": [[0.2866666666666666, 0.3022222222222224, 0.7533333333333333, 0.94]], "class": 1}