{"image": "S044-02-t10_01.jpg", "bboxes": [[0.2577777777777778, 0.40222222222222237, 0.7244444444444444, 1.0]], "class": 1}