{"image": "S044-02-t10_01.jpg", "bboxes": [[0.3088888888888889, 0.08444444444444454, 0.7755555555555556, 0.7222222222222222]], "class": 1}