{"image": "S044-07-t10_01.jpg", "bboxes": [[0.25111111111111106, 0.1266666666666667, 0.76, 0.8533333333333333]], "class": 1}