{"image": "S044-07-t10_01.jpg", "bboxes": [[0.2511111111111111, 0.0, 0.76, 0.7266666666666667]], "class": 1}