{"image": "S044-02-t10_01.jpg", "bboxes": [[0.24888888888888888, 0.348888888888889, 0.7155555555555555, 0.9866666666666667]], "class": 1}