{"image": "S044-05-t10_01.jpg", "bboxes": [[0.20444444444444443, 0.36444444444444446, 0.6933333333333334, 1.0]], "class": 1}