{"image": "S044-07-t10_01.jpg", "bboxes": [[0.24, 0.2111111111111111, 0.7488888888888889, 0.9377777777777778]], "class": 1}