{"image": "S044-02-t10_01.jpg", "bboxes": [[0.24222222222222223, 0.0, 0.7088888888888889, 0.6022222222222221]], "class": 1}