{"image": "S044-05-t10_01.jpg", "bboxes": [[0.21333333333333337, 0.013333333333333334, 0.7022222222222223, 0.6555555555555556]], "class": 1}