{"image": "S044-02-t10_01.jpg", "bboxes": [[0.22666666666666666, 0.08444444444444454, 0.6933333333333334, 0.7222222222222222]], "class": 1}