{"image": "S044-05-t10_01.jpg", "bboxes": [[0.35777777777777775, 0.042222222222222223, 0.8466666666666667, 0.6844444444444444]], "class": 1}