{"image": "S044-02-t10_01.jpg", "bboxes": [[0.24, 0.02, 0.7066666666666667, 0.6577777777777777]], "class": 1}