{"image": "S044-05-t10_01.jpg", "bboxes": [[0.33555555555555555, 0.10888888888888888, 0.8244444444444444, 0.7511111111111111]], "class": 1}