{"image": "S044-05-t10_01.jpg", "bboxes": [[0.3422222222222222, 0.13555555555555557, 0.8311111111111111, 0.7777777777777778]], "class": 1}