{"image": "S044-02-t10_01.jpg", "bboxes": [[0.2844444444444445, 0.28666666666666685, 0.7511111111111111, 0.9244444444444444]], "class": 1}