{"image": "S044-02-t10_01.jpg", "bboxes": [[0.28444444444444444, 0.07555555555555571, 0.7511111111111111, 0.7133333333333334]], "class": 1}