{"image": "S044-07-t10_01.jpg", "bboxes": [[0.2666666666666667, 0.33333333333333337, 0.7755555555555556, 1.0]], "class": 1}