{"image": "S044-07-t10_01.jpg", "bboxes": [[0.2222222222222222, 0.09333333333333338, 0.7311111111111112, 0.8200000000000001]], "class": 1}