{"image": "S044-07-t10_01.jpg", "bboxes": [[0.2688888888888889, 0.30222222222222217, 0.7777777777777778, 1.0]], "class": 1}