{"image": "S044-07-t10_01.jpg", "bboxes": [[0.2644444444444445, 0.16444444444444445, 0.7733333333333333, 0.8911111111111111]], "class": 1}