{"image": "S044-05-t10_01.jpg", "bboxes": [[0.17555555555555558, 0.12888888888888894, 0.6644444444444444, 0.7711111111111111]], "class": 1}