{"image": "S044-02-t10_01.jpg", "bboxes": [[0.23333333333333334, 0.12, 0.7, 0.7577777777777777]], "class": 1}