{"image": "S044-02-t10_01.jpg", "bboxes": [[0.24888888888888888, 0.08222222222222222, 0.7155555555555555, 0.7199999999999999]], "class": 1}