{"image": "S044-05-t10_01.jpg", "bboxes": [[0.3111111111111111, 0.2711111111111111, 0.8, 0.9133333333333333]], "class": 1}