{"image": "S044-05-t10_01.jpg", "bboxes": [[0.21111111111111114, 0.0022222222222222222, 0.7, 0.6444444444444445]], "class": 1}