{"image": "S044-07-t10_01.jpg", "bboxes": [[0.24222222222222223, 0.051111111111111114, 0.7511111111111111, 0.7777777777777778]], "class": 1}