{"image": "S044-05-t10_01.jpg", "bboxes": [[0.29333333333333333, 0.17555555555555558, 0.7822222222222223, 0.8177777777777777]], "class": 1}