{"image": "S044-05-t10_01.jpg", "bboxes": [[0.3244444444444444, 0.3222222222222222, 0.8133333333333334, 0.9644444444444444]], "class": 1}