{"image": "S044-07-t10_01.jpg", "bboxes": [[0.2666666666666667, 0.2088888888888889, 0.7755555555555556, 0.9355555555555556]], "class": 1}