{"image": "S044-02-t10_01.jpg", "bboxes": [[0.2466666666666667, 0.07333333333333347, 0.7133333333333334, 0.7111111111111111]], "class": 1}