{"image": "S044-07-t10_01.jpg", "bboxes": [[0.2511111111111111, 0.1844444444444444, 0.76, 0.9111111111111111]], "class": 1}