{"image": "S044-07-t10_01.jpg", "bboxes": [[0.2222222222222222, 0.36888888888888893, 0.7311111111111112, 1.0]], "class": 1}