{"image": "S044-07-t10_01.jpg", "bboxes": [[0.21555555555555556, 0.08444444444444445, 0.7244444444444444, 0.8111111111111111]], "class": 1}