{"image": "S044-05-t10_01.jpg", "bboxes": [[0.18000000000000005, 0.11333333333333329, 0.6688888888888889, 0.7555555555555555]], "class": 1}