{"image": "S044-05-t10_01.jpg", "bboxes": [[0.29777777777777775, 0.12222222222222223, 0.7866666666666666, 0.7644444444444445]], "class": 1}