{"image": "S044-02-t10_01.jpg", "bboxes": [[0.24444444444444446, 0.12666666666666682, 0.7111111111111111, 0.7644444444444445]], "class": 1}