{"image": "S044-07-t10_01.jpg", "bboxes": [[0.28222222222222226, 0.3288888888888889, 0.7911111111111111, 1.0]], "class": 1}