{"image": "S044-02-t10_01.jpg", "bboxes": [[0.2866666666666667, 0.16666666666666674, 0.7533333333333333, 0.8044444444444444]], "class": 1}