{"image": "S044-07-t10_01.jpg", "bboxes": [[0.24222222222222223, 0.008888888888888889, 0.7511111111111111, 0.7355555555555555]], "class": 1}