{"image": "S044-07-t10_01.jpg", "bboxes": [[0.25555555555555554, 0.0, 0.7644444444444445, 0.7022222222222222]], "class": 1}