{"image": "S044-07-t10_01.jpg", "bboxes": [[0.26222222222222225, 0.21555555555555556, 0.7711111111111111, 0.9422222222222222]], "class": 1}