{"image": "S044-05-t10_01.jpg", "bboxes": [[0.3111111111111111, 0.16666666666666663, 0.8, 0.8088888888888889]], "class": 1}