{"image": "S044-02-t10_01.jpg", "bboxes": [[0.2711111111111111, 0.24, 0.7377777777777778, 0.8777777777777777]], "class": 1}