{"image": "S044-07-t10_01.jpg", "bboxes": [[0.2222222222222222, 0.04666666666666667, 0.731111111111111, 0.7733333333333333]], "class": 1}