{"image": "S044-07-t10_01.jpg", "bboxes": [[0.2577777777777778, 0.25555555555555554, 0.7666666666666666, 0.9822222222222222]], "class": 1}