{"image": "S044-05-t10_01.jpg", "bboxes": [[0.35555555555555557, 0.18222222222222217, 0.8444444444444444, 0.8244444444444444]], "class": 1}