{"image": "S044-05-t10_01.jpg", "bboxes": [[0.3511111111111111, 0.32666666666666666, 0.84, 0.9688888888888889]], "class": 1}