{"image": "S044-05-t10_01.jpg", "bboxes": [[0.19777777777777783, 0.08666666666666667, 0.6866666666666666, 0.7288888888888889]], "class": 1}