{"image": "S044-05-t10_01.jpg", "bboxes": [[0.1644444444444444, 0.16, 0.6533333333333333, 0.8022222222222222]], "class": 1}