{"image": "S044-02-t10_01.jpg", "bboxes": [[0.28, 0.3333333333333335, 0.7466666666666666, 0.9711111111111111]], "class": 1}