{"image": "S044-07-t10_01.jpg", "bboxes": [[0.2511111111111111, 0.3088888888888889, 0.76, 1.0]], "class": 1}