{"image": "S044-05-t10_01.jpg", "bboxes": [[0.15111111111111108, 0.24444444444444444, 0.64, 0.8866666666666667]], "class": 1}