{"image": "S044-07-t10_01.jpg", "bboxes": [[0.24222222222222223, 0.1, 0.7511111111111111, 0.8266666666666667]], "class": 1}