{"image": "S044-07-t10_01.jpg", "bboxes": [[0.22, 0.30000000000000004, 0.7288888888888889, 1.0]], "class": 1}