{"image": "S044-07-t10_01.jpg", "bboxes": [[0.2711111111111111, 0.33333333333333337, 0.78, 1.0]], "class": 1}