{"image": "S044-02-t10_01.jpg", "bboxes": [[0.2511111111111111, 0.05555555555555555, 0.7177777777777777, 0.6933333333333332]], "class": 1}