{"image": "S044-02-t10_01.jpg", "bboxes": [[0.29555555555555557, 0.10000000000000009, 0.7622222222222222, 0.7377777777777778]], "class": 1}