{"image": "S044-07-t10_01.jpg", "bboxes": [[0.23333333333333328, 0.0, 0.7422222222222222, 0.64]], "class": 1}