{"image": "S044-05-t10_01.jpg", "bboxes": [[0.36, 0.20444444444444443, 0.8488888888888889, 0.8466666666666667]], "class": 1}