{"image": "S044-02-t10_01.jpg", "bboxes": [[0.26, 0.33777777777777795, 0.7266666666666667, 0.9755555555555555]], "class": 1}