{"image": "S044-07-t10_01.jpg", "bboxes": [[0.20222222222222222, 0.006666666666666667, 0.7111111111111111, 0.7333333333333333]], "class": 1}