{"image": "S044-05-t10_01.jpg", "bboxes": [[0.16888888888888887, 0.1266666666666667, 0.6577777777777778, 0.768888888888889]], "class": 1}