{"image": "S044-07-t10_01.jpg", "bboxes": [[0.26222222222222225, 0.29333333333333333, 0.7711111111111111, 1.0]], "class": 1}