{"image": "S044-07-t10_01.jpg", "bboxes": [[0.24222222222222223, 0.14222222222222222, 0.7511111111111111, 0.8688888888888889]], "class": 1}