{"image": "S044-02-t10_01.jpg", "bboxes": [[0.2911111111111111, 0.19555555555555557, 0.7577777777777778, 0.8333333333333333]], "class": 1}