{"image": "S044-02-t10_01.jpg", "bboxes": [[0.23555555555555555, 0.13555555555555557, 0.7022222222222222, 0.7733333333333332]], "class": 1}