{"image": "S044-05-t10_01.jpg", "bboxes": [[0.32222222222222224, 0.1711111111111111, 0.8111111111111111, 0.8133333333333334]], "class": 1}