{"image": "S044-05-t10_01.jpg", "bboxes": [[0.3511111111111111, 0.0, 0.84, 0.6422222222222222]], "class": 1}