{"image": "S044-07-t10_01.jpg", "bboxes": [[0.23333333333333334, 0.046666666666666634, 0.7422222222222222, 0.7733333333333333]], "class": 1}