{"image": "S044-05-t10_01.jpg", "bboxes": [[0.2155555555555555, 0.2466666666666667, 0.7044444444444444, 0.8888888888888888]], "class": 1}