{"image": "S044-05-t10_01.jpg", "bboxes": [[0.2155555555555555, 0.21555555555555556, 0.7044444444444444, 0.8577777777777778]], "class": 1}