{"image": "S044-05-t10_01.jpg", "bboxes": [[0.15555555555555556, 0.28444444444444444, 0.6444444444444444, 0.9266666666666666]], "class": 1}