{"image": "S044-02-t10_01.jpg", "bboxes": [[0.30666666666666664, 0.26666666666666683, 0.7733333333333333, 0.9044444444444444]], "class": 1}