{"image": "S044-05-t10_01.jpg", "bboxes": [[0.3511111111111111, 0.16222222222222227, 0.84, 0.8044444444444444]], "class": 1}