{"image": "S044-02-t10_01.jpg", "bboxes": [[0.26, 0.04666666666666667, 0.7266666666666667, 0.6844444444444443]], "class": 1}