{"image": "S044-02-t10_01.jpg", "bboxes": [[0.25555555555555554, 0.14222222222222236, 0.7222222222222222, 0.78]], "class": 1}