{"image": "S044-02-t10_01.jpg", "bboxes": [[0.25333333333333335, 0.1711111111111111, 0.72, 0.8088888888888888]], "class": 1}