{"image": "S044-05-t10_01.jpg", "bboxes": [[0.35777777777777775, 0.25333333333333335, 0.8466666666666667, 0.8955555555555555]], "class": 1}