{"image": "S044-02-t10_01.jpg", "bboxes": [[0.28222222222222226, 0.26666666666666666, 0.7488888888888889, 0.9044444444444443]], "class": 1}