{"image": "S044-02-t10_01.jpg", "bboxes": [[0.29333333333333333, 0.06, 0.76, 0.6977777777777776]], "class": 1}