{"image": "S044-05-t10_01.jpg", "bboxes": [[0.3511111111111111, 0.13333333333333333, 0.84, 0.7755555555555556]], "class": 1}