{"image": "S044-05-t10_01.jpg", "bboxes": [[0.3288888888888889, 0.3022222222222222, 0.8177777777777778, 0.9444444444444444]], "class": 1}