{"image": "S044-07-t10_01.jpg", "bboxes": [[0.22666666666666668, 0.30222222222222217, 0.7355555555555555, 1.0]], "class": 1}