{"image": "S044-02-t10_01.jpg", "bboxes": [[0.3088888888888889, 0.05333333333333334, 0.7755555555555556, 0.691111111111111]], "class": 1}