{"image": "S044-05-t10_01.jpg", "bboxes": [[0.29777777777777775, 0.2311111111111111, 0.7866666666666666, 0.8733333333333333]], "class": 1}