{"image": "S044-07-t10_01.jpg", "bboxes": [[0.20222222222222222, 0.07999999999999996, 0.7111111111111111, 0.8066666666666666]], "class": 1}