{"image": "S044-07-t10_01.jpg", "bboxes": [[0.24, 0.13333333333333333, 0.7488888888888889, 0.86]], "class": 1}