{"image": "S044-02-t10_01.jpg", "bboxes": [[0.27555555555555555, 0.12666666666666682, 0.7422222222222222, 0.7644444444444445]], "class": 1}