{"image": "S044-07-t10_01.jpg", "bboxes": [[0.24444444444444446, 0.22, 0.7533333333333333, 0.9466666666666667]], "class": 1}