{"image": "S044-05-t10_01.jpg", "bboxes": [[0.16888888888888887, 0.2644444444444445, 0.6577777777777778, 0.9066666666666666]], "class": 1}