{"image": "S044-02-t10_01.jpg", "bboxes": [[0.29333333333333333, 0.328888888888889, 0.76, 0.9666666666666667]], "class": 1}