{"image": "S044-02-t10_01.jpg", "bboxes": [[0.28888888888888886, 0.30666666666666675, 0.7555555555555555, 0.9444444444444444]], "class": 1}