{"image": "S044-07-t10_01.jpg", "bboxes": [[0.2866666666666666, 0.07777777777777772, 0.7955555555555556, 0.8044444444444444]], "class": 1}