{"image": "S044-07-t10_01.jpg", "bboxes": [[0.22666666666666668, 0.08222222222222222, 0.7355555555555555, 0.8088888888888889]], "class": 1}