{"image": "S044-02-t10_01.jpg", "bboxes": [[0.27555555555555555, 0.06222222222222222, 0.7422222222222222, 0.6999999999999998]], "class": 1}