{"image": "S044-07-t10_01.jpg", "bboxes": [[0.2222222222222222, 0.0, 0.731111111111111, 0.6488888888888888]], "class": 1}