{"image": "S044-02-t10_01.jpg", "bboxes": [[0.2977777777777778, 0.035555555555555556, 0.7644444444444445, 0.6733333333333332]], "class": 1}