{"image": "S044-02-t10_01.jpg", "bboxes": [[0.2866666666666667, 0.18222222222222223, 0.7533333333333333, 0.8199999999999998]], "class": 1}