{"image": "S044-07-t10_01.jpg", "bboxes": [[0.2644444444444444, 0.11777777777777776, 0.7733333333333333, 0.8444444444444444]], "class": 1}