{"image": "S044-07-t10_01.jpg", "bboxes": [[0.24222222222222223, 0.11333333333333333, 0.7511111111111111, 0.84]], "class": 1}