{"image": "S044-02-t10_01.jpg", "bboxes": [[0.2466666666666667, 0.03777777777777778, 0.7133333333333334, 0.6755555555555555]], "class": 1}