{"image": "S044-02-t10_01.jpg", "bboxes": [[0.2911111111111111, 0.1066666666666668, 0.7577777777777778, 0.7444444444444445]], "class": 1}