{"image": "S044-02-t10_01.jpg", "bboxes": [[0.2777777777777778, 0.2111111111111111, 0.7444444444444445, 0.8488888888888888]], "class": 1}