{"image": "S044-02-t10_01.jpg", "bboxes": [[0.26, 0.13333333333333341, 0.7266666666666667, 0.7711111111111111]], "class": 1}