{"image": "S044-05-t10_01.jpg", "bboxes": [[0.34444444444444444, 0.044444444444444446, 0.8333333333333334, 0.6866666666666666]], "class": 1}