{"image": "S044-02-t10_01.jpg", "bboxes": [[0.2822222222222222, 0.2600000000000001, 0.7488888888888889, 0.8977777777777778]], "class": 1}