{"image": "S044-02-t10_01.jpg", "bboxes": [[0.26, 0.23777777777777778, 0.7266666666666667, 0.8755555555555554]], "class": 1}