{"image": "S044-05-t10_01.jpg", "bboxes": [[0.30666666666666664, 0.29555555555555557, 0.7955555555555556, 0.9377777777777778]], "class": 1}