{"image": "S044-05-t10_01.jpg", "bboxes": [[0.18666666666666665, 0.3666666666666667, 0.6755555555555556, 1.0]], "class": 1}