{"image": "S044-02-t10_01.jpg", "bboxes": [[0.2777777777777778, 0.22888888888888903, 0.7444444444444445, 0.8666666666666667]], "class": 1}