{"image": "S044-07-t10_01.jpg", "bboxes": [[0.2733333333333333, 0.09333333333333338, 0.7822222222222223, 0.8200000000000001]], "class": 1}