{"image": "S044-02-t10_01.jpg", "bboxes": [[0.24, 0.2222222222222222, 0.7066666666666667, 0.8599999999999999]], "class": 1}