{"image": "S044-07-t10_01.jpg", "bboxes": [[0.28888888888888886, 0.36444444444444446, 0.7977777777777778, 1.0]], "class": 1}