{"image": "S044-02-t10_01.jpg", "bboxes": [[0.2777777777777778, 0.2822222222222224, 0.7444444444444445, 0.92]], "class": 1}