{"image": "S044-02-t10_01.jpg", "bboxes": [[0.2311111111111111, 0.13777777777777778, 0.6977777777777778, 0.7755555555555554]], "class": 1}