{"image": "S044-05-t10_01.jpg", "bboxes": [[0.15111111111111108, 0.0022222222222222222, 0.64, 0.6444444444444445]], "class": 1}