{"image": "S044-07-t10_01.jpg", "bboxes": [[0.24222222222222223, 0.0, 0.7511111111111111, 0.7022222222222222]], "class": 1}