{"image": "S044-05-t10_01.jpg", "bboxes": [[0.17333333333333334, 0.36444444444444446, 0.6622222222222223, 1.0]], "class": 1}