{"image": "S044-02-t10_01.jpg", "bboxes": [[0.25333333333333335, 0.08222222222222231, 0.72, 0.72]], "class": 1}