{"image": "S044-05-t10_01.jpg", "bboxes": [[0.3488888888888889, 0.12444444444444444, 0.8377777777777777, 0.7666666666666667]], "class": 1}