{"image": "S044-02-t10_01.jpg", "bboxes": [[0.27111111111111114, 0.28888888888888886, 0.7377777777777778, 0.9266666666666665]], "class": 1}