{"image": "S044-05-t10_01.jpg", "bboxes": [[0.29333333333333333, 0.21999999999999997, 0.7822222222222223, 0.8622222222222222]], "class": 1}