{"image": "S044-07-t10_01.jpg", "bboxes": [[0.2311111111111111, 0.0, 0.74, 0.6377777777777778]], "class": 1}