{"image": "S044-05-t10_01.jpg", "bboxes": [[0.15555555555555556, 0.33333333333333337, 0.6444444444444444, 0.9755555555555555]], "class": 1}