{"image": "S044-02-t10_01.jpg", "bboxes": [[0.2511111111111111, 0.12222222222222222, 0.7177777777777777, 0.7599999999999999]], "class": 1}