{"image": "S044-02-t10_01.jpg", "bboxes": [[0.2311111111111111, 0.3711111111111113, 0.6977777777777778, 1.0]], "class": 1}