{"image": "S054-03-t10_01.jpg", "bboxes": [[0.2022222222222222, 0.2466666666666667, 0.7266666666666667, 0.9622222222222222]], "class": 1}