{"image": "S054-03-t10_01.jpg", "bboxes": [[0.20666666666666667, 0.17555555555555555, 0.731111111111111, 0.8911111111111111]], "class": 1}