{"image": "S054-03-t10_01.jpg", "bboxes": [[0.28888888888888886, 0.0, 0.8133333333333334, 0.68]], "class": 1}