{"image": "S054-03-t10_01.jpg", "bboxes": [[0.19999999999999996, 0.18000000000000005, 0.7244444444444444, 0.8955555555555555]], "class": 1}