{"image": "S054-03-t10_01.jpg", "bboxes": [[0.2222222222222222, 0.07777777777777772, 0.7466666666666666, 0.7933333333333333]], "class": 1}