{"image": "S054-03-t10_01.jpg", "bboxes": [[0.22444444444444445, 0.36444444444444446, 0.7488888888888889, 1.0]], "class": 1}