{"image": "S054-03-t10_01.jpg", "bboxes": [[0.19777777777777783, 0.1333333333333333, 0.7222222222222222, 0.8488888888888889]], "class": 1}