{"image": "S054-03-t10_01.jpg", "bboxes": [[0.21111111111111114, 0.11777777777777776, 0.7355555555555555, 0.8333333333333334]], "class": 1}