{"image": "S054-03-t10_01.jpg", "bboxes": [[0.22444444444444445, 0.22444444444444445, 0.7488888888888889, 0.94]], "class": 1}