{"image": "S054-03-t10_01.jpg", "bboxes": [[0.23777777777777775, 0.15555555555555556, 0.7622222222222222, 0.8711111111111112]], "class": 1}