{"image": "S054-03-t10_01.jpg", "bboxes": [[0.2288888888888889, 0.0, 0.7533333333333333, 0.6822222222222222]], "class": 1}