{"image": "S054-03-t10_01.jpg", "bboxes": [[0.2644444444444444, 0.04888888888888889, 0.7888888888888889, 0.7644444444444445]], "class": 1}