{"image": "S054-03-t10_01.jpg", "bboxes": [[0.24222222222222223, 0.13111111111111107, 0.7666666666666667, 0.8466666666666667]], "class": 1}