{"image": "S054-03-t10_01.jpg", "bboxes": [[0.22444444444444445, 0.09111111111111111, 0.7488888888888889, 0.8066666666666666]], "class": 1}