{"image": "S054-03-t10_01.jpg", "bboxes": [[0.2822222222222222, 0.07333333333333336, 0.8066666666666666, 0.7888888888888889]], "class": 1}