{"image": "S054-03-t10_01.jpg", "bboxes": [[0.23111111111111116, 0.07333333333333336, 0.7555555555555555, 0.7888888888888889]], "class": 1}