{"image": "S054-03-t10_01.jpg", "bboxes": [[0.23777777777777775, 0.0, 0.7622222222222222, 0.6711111111111111]], "class": 1}