{"image": "S054-03-t10_01.jpg", "bboxes": [[0.2866666666666667, 0.2022222222222222, 0.8111111111111111, 0.9177777777777778]], "class": 1}