{"image": "S054-03-t10_01.jpg", "bboxes": [[0.2911111111111111, 0.15555555555555556, 0.8155555555555556, 0.8711111111111112]], "class": 1}