{"image": "S054-03-t10_01.jpg", "bboxes": [[0.21111111111111114, 0.0, 0.7355555555555555, 0.7133333333333334]], "class": 1}