{"image": "S054-03-t10_01.jpg", "bboxes": [[0.19999999999999996, 0.13555555555555557, 0.7244444444444444, 0.8511111111111112]], "class": 1}