{"image": "S054-03-t10_01.jpg", "bboxes": [[0.21333333333333337, 0.19555555555555557, 0.7377777777777778, 0.9111111111111111]], "class": 1}