{"image": "S054-03-t10_01.jpg", "bboxes": [[0.23111111111111116, 0.03777777777777778, 0.7555555555555555, 0.7533333333333333]], "class": 1}