{"image": "S054-03-t10_01.jpg", "bboxes": [[0.28888888888888886, 0.18222222222222223, 0.8133333333333334, 0.8977777777777778]], "class": 1}