{"image": "S054-03-t10_01.jpg", "bboxes": [[0.2644444444444444, 0.10666666666666669, 0.7888888888888889, 0.8222222222222222]], "class": 1}