{"image": "S054-03-t10_01.jpg", "bboxes": [[0.28444444444444444, 0.13777777777777778, 0.8088888888888889, 0.8533333333333334]], "class": 1}