{"image": "S054-03-t10_01.jpg", "bboxes": [[0.22666666666666668, 0.12666666666666668, 0.7511111111111111, 0.8422222222222222]], "class": 1}