{"image": "S054-03-t10_01.jpg", "bboxes": [[0.26222222222222225, 0.2088888888888889, 0.7866666666666666, 0.9244444444444444]], "class": 1}