{"image": "S054-03-t10_01.jpg", "bboxes": [[0.19777777777777783, 0.22666666666666668, 0.7222222222222222, 0.9422222222222222]], "class": 1}