{"image": "S054-03-t10_01.jpg", "bboxes": [[0.2733333333333333, 0.14, 0.7977777777777778, 0.8555555555555555]], "class": 1}