{"image": "S054-03-t10_01.jpg", "bboxes": [[0.2511111111111111, 0.12, 0.7755555555555556, 0.8355555555555556]], "class": 1}