{"image": "S054-03-t10_01.jpg", "bboxes": [[0.23777777777777778, 0.0, 0.7622222222222222, 0.6933333333333334]], "class": 1}