{"image": "S054-03-t10_01.jpg", "bboxes": [[0.23333333333333328, 0.13333333333333333, 0.7577777777777778, 0.8488888888888889]], "class": 1}