{"image": "S054-03-t10_01.jpg", "bboxes": [[0.1844444444444444, 0.03333333333333333, 0.7088888888888889, 0.7488888888888889]], "class": 1}