{"image": "S054-03-t10_01.jpg", "bboxes": [[0.2644444444444444, 0.051111111111111114, 0.7888888888888889, 0.7666666666666667]], "class": 1}