{"image": "S054-03-t10_01.jpg", "bboxes": [[0.2466666666666667, 0.06, 0.7711111111111111, 0.7755555555555556]], "class": 1}