{"image": "S054-03-t10_01.jpg", "bboxes": [[0.25333333333333335, 0.13555555555555554, 0.7777777777777778, 0.8511111111111112]], "class": 1}