{"image": "S054-03-t10_01.jpg", "bboxes": [[0.24666666666666667, 0.30666666666666664, 0.7711111111111111, 1.0]], "class": 1}