{"image": "S054-03-t10_01.jpg", "bboxes": [[0.22888888888888892, 0.3866666666666667, 0.7533333333333333, 1.0]], "class": 1}