{"image": "S054-03-t10_01.jpg", "bboxes": [[0.2311111111111111, 0.18666666666666665, 0.7555555555555555, 0.9022222222222223]], "class": 1}