{"image": "S054-03-t10_01.jpg", "bboxes": [[0.27111111111111114, 0.09333333333333334, 0.7955555555555556, 0.8088888888888889]], "class": 1}