{"image": "S054-03-t10_01.jpg", "bboxes": [[0.26222222222222225, 0.0, 0.7866666666666666, 0.68]], "class": 1}