{"image": "S054-03-t10_01.jpg", "bboxes": [[0.18666666666666665, 0.04, 0.7111111111111111, 0.7555555555555555]], "class": 1}