{"image": "S054-03-t10_01.jpg", "bboxes": [[0.25555555555555554, 0.3555555555555555, 0.78, 1.0]], "class": 1}