{"image": "S054-03-t10_01.jpg", "bboxes": [[0.24, 0.011111111111111112, 0.7644444444444445, 0.7266666666666667]], "class": 1}