{"image": "S054-03-t10_01.jpg", "bboxes": [[0.23555555555555552, 0.011111111111111112, 0.76, 0.7266666666666667]], "class": 1}