{"image": "S054-03-t10_01.jpg", "bboxes": [[0.24888888888888888, 0.09333333333333334, 0.7733333333333333, 0.8088888888888889]], "class": 1}