{"image": "S054-03-t10_01.jpg", "bboxes": [[0.19333333333333336, 0.0, 0.7177777777777778, 0.6488888888888888]], "class": 1}