{"image": "S054-03-t10_01.jpg", "bboxes": [[0.19777777777777783, 0.0, 0.7222222222222222, 0.6311111111111111]], "class": 1}