{"image": "S054-03-t10_01.jpg", "bboxes": [[0.2644444444444444, 0.1777777777777778, 0.7888888888888889, 0.8933333333333333]], "class": 1}