{"image": "S054-03-t10_01.jpg", "bboxes": [[0.28444444444444444, 0.26888888888888884, 0.8088888888888889, 0.9844444444444445]], "class": 1}