{"image": "S054-03-t10_01.jpg", "bboxes": [[0.24222222222222223, 0.0, 0.7666666666666667, 0.7155555555555555]], "class": 1}