{"image": "S054-03-t10_01.jpg", "bboxes": [[0.25333333333333335, 0.0, 0.7777777777777778, 0.66]], "class": 1}