{"image": "S054-03-t10_01.jpg", "bboxes": [[0.19333333333333336, 0.17777777777777778, 0.7177777777777778, 0.8933333333333333]], "class": 1}