{"image": "S054-03-t10_01.jpg", "bboxes": [[0.19333333333333336, 0.04, 0.7177777777777778, 0.7555555555555555]], "class": 1}