{"image": "S054-03-t10_01.jpg", "bboxes": [[0.22888888888888892, 0.16666666666666663, 0.7533333333333333, 0.8822222222222222]], "class": 1}