{"image": "S054-03-t10_01.jpg", "bboxes": [[0.22666666666666666, 0.1466666666666666, 0.7511111111111111, 0.8622222222222222]], "class": 1}