{"image": "S054-03-t10_01.jpg", "bboxes": [[0.24444444444444444, 0.3155555555555556, 0.7688888888888888, 1.0]], "class": 1}