{"image": "S061-01-t10_01.jpg", "bboxes": [[0.13111111111111112, 0.4288888888888889, 1.0, 1.0]], "class": 1}