{"image": "S061-01-t10_01.jpg", "bboxes": [[0.33555555555555555, 0.0, 1.0, 0.5466666666666666]], "class": 1}