{"image": "S061-01-t10_01.jpg", "bboxes": [[0.024444444444444446, 0.2088888888888889, 1.0, 1.0]], "class": 1}