{"image": "S061-01-t10_01.jpg", "bboxes": [[0.0, 0.0, 0.6666666666666666, 0.8955555555555555]], "class": 1}