{"image": "S061-01-t10_01.jpg", "bboxes": [[0.12222222222222223, 0.0, 1.0, 0.7244444444444444]], "class": 1}