{"image": "S061-01-t10_01.jpg", "bboxes": [[0.0, 0.4666666666666667, 0.8955555555555555, 1.0]], "class": 1}