{"image": "S061-01-t10_01.jpg", "bboxes": [[0.0, 0.20222222222222222, 0.8888888888888888, 1.0]], "class": 1}