{"image": "S061-01-t10_01.jpg", "bboxes": [[0.0, 0.2155555555555555, 0.7933333333333333, 1.0]], "class": 1}