{"image": "S061-01-t10_01.jpg", "bboxes": [[0.0, 0.3155555555555556, 0.6599999999999999, 1.0]], "class": 1}