{"image": "S061-01-t10_01.jpg", "bboxes": [[0.0, 0.2644444444444444, 0.8911111111111111, 1.0]], "class": 1}