{"image": "S061-01-t10_01.jpg", "bboxes": [[0.0, 0.0, 0.8377777777777777, 0.7466666666666666]], "class": 1}