{"image": "S061-01-t10_01.jpg", "bboxes": [[0.11555555555555555, 0.4911111111111111, 1.0, 1.0]], "class": 1}