{"image": "S061-01-t10_01.jpg", "bboxes": [[0.0, 0.0, 0.9333333333333333, 0.8088888888888889]], "class": 1}