{"image": "S061-01-t10_01.jpg", "bboxes": [[0.0, 0.0, 0.8955555555555555, 0.44666666666666666]], "class": 1}