{"image": "S061-01-t10_01.jpg", "bboxes": [[0.0, 0.0, 0.6355555555555555, 0.9377777777777778]], "class": 1}