{"image": "S061-01-t10_01.jpg", "bboxes": [[0.0, 0.31999999999999995, 0.6844444444444444, 1.0]], "class": 1}