{"image": "S061-01-t10_01.jpg", "bboxes": [[0.0, 0.0, 0.7355555555555555, 0.6177777777777778]], "class": 1}