{"image": "S061-01-t10_01.jpg", "bboxes": [[0.1577777777777778, 0.0, 1.0, 0.8866666666666667]], "class": 1}