{"image": "S061-01-t10_01.jpg", "bboxes": [[0.17555555555555558, 0.0, 1.0, 0.7955555555555556]], "class": 1}