{"image": "S061-01-t10_01.jpg", "bboxes": [[0.0, 0.00666666666666671, 0.8577777777777778, 1.0]], "class": 1}