{"image": "S061-01-t10_01.jpg", "bboxes": [[0.16888888888888887, 0.0, 1.0, 0.768888888888889]], "class": 1}