{"image": "S061-01-t10_01.jpg", "bboxes": [[0.29333333333333333, 0.0, 1.0, 0.9555555555555556]], "class": 1}