{"image": "S061-01-t10_01.jpg", "bboxes": [[0.0, 0.1288888888888889, 0.7644444444444445, 1.0]], "class": 1}