{"image": "S061-01-t10_01.jpg", "bboxes": [[0.0, 0.0, 0.6444444444444445, 0.8333333333333334]], "class": 1}