{"image": "S061-01-t10_01.jpg", "bboxes": [[0.0, 0.5088888888888888, 0.8822222222222222, 1.0]], "class": 1}