{"image": "S061-01-t10_01.jpg", "bboxes": [[0.2777777777777778, 0.4266666666666667, 1.0, 1.0]], "class": 1}