{"image": "S061-01-t10_01.jpg", "bboxes": [[0.0, 0.0, 0.9488888888888889, 0.4044444444444445]], "class": 1}