{"image": "S061-01-t10_01.jpg", "bboxes": [[0.0, 0.033333333333333326, 0.7822222222222223, 1.0]], "class": 1}