{"image": "S065-01-t10_01.jpg", "bboxes": [[0.18666666666666665, 0.18222222222222217, 0.6733333333333333, 0.8377777777777777]], "class": 1}