{"image": "S065-01-t10_01.jpg", "bboxes": [[0.2022222222222222, 0.19333333333333333, 0.6888888888888889, 0.8488888888888889]], "class": 1}