{"image": "S065-01-t10_01.jpg", "bboxes": [[0.31777777777777777, 0.03555555555555556, 0.8044444444444444, 0.6911111111111111]], "class": 1}