{"image": "S065-01-t10_01.jpg", "bboxes": [[0.20444444444444443, 0.17333333333333334, 0.6911111111111111, 0.8288888888888889]], "class": 1}