{"image": "S065-01-t10_01.jpg", "bboxes": [[0.30444444444444446, 0.1288888888888889, 0.7911111111111111, 0.7844444444444445]], "class": 1}