{"image": "S065-01-t10_01.jpg", "bboxes": [[0.33111111111111113, 0.11111111111111116, 0.8177777777777778, 0.7666666666666666]], "class": 1}