{"image": "S065-01-t10_01.jpg", "bboxes": [[0.36, 0.0022222222222222365, 0.8466666666666667, 0.6577777777777778]], "class": 1}