{"image": "S065-01-t10_01.jpg", "bboxes": [[0.3022222222222222, 0.2866666666666667, 0.7888888888888889, 0.9422222222222222]], "class": 1}