{"image": "S065-01-t10_01.jpg", "bboxes": [[0.3111111111111111, 0.0, 0.7977777777777778, 0.6555555555555556]], "class": 1}