{"image": "S065-01-t10_01.jpg", "bboxes": [[0.3, 0.23111111111111116, 0.7866666666666666, 0.8866666666666667]], "class": 1}