{"image": "S065-01-t10_01.jpg", "bboxes": [[0.21333333333333337, 0.0, 0.7, 0.6066666666666667]], "class": 1}