{"image": "S065-01-t10_01.jpg", "bboxes": [[0.35555555555555557, 0.0, 0.8422222222222222, 0.6422222222222222]], "class": 1}