{"image": "S065-01-t10_01.jpg", "bboxes": [[0.31333333333333335, 0.18, 0.8, 0.8355555555555556]], "class": 1}