{"image": "S065-01-t10_01.jpg", "bboxes": [[0.2022222222222222, 0.08888888888888889, 0.6888888888888889, 0.7444444444444445]], "class": 1}