{"image": "S065-01-t10_01.jpg", "bboxes": [[0.21333333333333337, 0.14, 0.7, 0.7955555555555556]], "class": 1}