{"image": "S065-01-t10_01.jpg", "bboxes": [[0.21111111111111114, 0.23777777777777778, 0.6977777777777778, 0.8933333333333333]], "class": 1}