{"image": "S065-01-t10_01.jpg", "bboxes": [[0.16000000000000003, 0.31555555555555553, 0.6466666666666667, 0.9711111111111111]], "class": 1}