{"image": "S065-01-t10_01.jpg", "bboxes": [[0.3466666666666667, 0.26, 0.8333333333333334, 0.9155555555555556]], "class": 1}