{"image": "S065-01-t10_01.jpg", "bboxes": [[0.21777777777777774, 0.0, 0.7044444444444444, 0.6377777777777778]], "class": 1}