{"image": "S065-01-t10_01.jpg", "bboxes": [[0.19777777777777783, 0.13111111111111107, 0.6844444444444444, 0.7866666666666666]], "class": 1}