{"image": "S065-01-t10_01.jpg", "bboxes": [[0.19777777777777783, 0.08666666666666667, 0.6844444444444444, 0.7422222222222222]], "class": 1}