{"image": "S065-01-t10_01.jpg", "bboxes": [[0.17555555555555558, 0.22666666666666666, 0.6622222222222223, 0.8822222222222222]], "class": 1}