{"image": "S065-01-t10_01.jpg", "bboxes": [[0.19777777777777783, 0.24888888888888888, 0.6844444444444444, 0.9044444444444445]], "class": 1}