{"image": "S065-01-t10_01.jpg", "bboxes": [[0.20666666666666667, 0.18, 0.6933333333333334, 0.8355555555555556]], "class": 1}