{"image": "S065-01-t10_01.jpg", "bboxes": [[0.1955555555555556, 0.22, 0.6822222222222223, 0.8755555555555555]], "class": 1}