{"image": "S065-01-t10_01.jpg", "bboxes": [[0.1955555555555556, 0.39555555555555555, 0.6822222222222223, 1.0]], "class": 1}