{"image": "S065-01-t10_01.jpg", "bboxes": [[0.19999999999999996, 0.11333333333333329, 0.6866666666666666, 0.768888888888889]], "class": 1}