{"image": "S065-01-t10_01.jpg", "bboxes": [[0.31555555555555553, 0.09333333333333338, 0.8022222222222222, 0.7488888888888889]], "class": 1}