{"image": "S065-01-t10_01.jpg", "bboxes": [[0.3511111111111111, 0.10222222222222221, 0.8377777777777777, 0.7577777777777778]], "class": 1}