{"image": "S065-01-t10_01.jpg", "bboxes": [[0.3488888888888889, 0.2533333333333333, 0.8355555555555556, 0.9088888888888889]], "class": 1}