{"image": "S065-01-t10_01.jpg", "bboxes": [[0.34, 0.20666666666666667, 0.8266666666666667, 0.8622222222222222]], "class": 1}