{"image": "S065-01-t10_01.jpg", "bboxes": [[0.30666666666666664, 0.11333333333333333, 0.7933333333333333, 0.7688888888888888]], "class": 1}