{"image": "S065-01-t10_01.jpg", "bboxes": [[0.17333333333333334, 0.10888888888888888, 0.6599999999999999, 0.7644444444444445]], "class": 1}