{"image": "S065-01-t10_01.jpg", "bboxes": [[0.19999999999999996, 0.32222222222222224, 0.6866666666666666, 0.9777777777777777]], "class": 1}