{"image": "S065-01-t10_01.jpg", "bboxes": [[0.30666666666666664, 0.013333333333333308, 0.7933333333333333, 0.6688888888888889]], "class": 1}