{"image": "S065-01-t10_01.jpg", "bboxes": [[0.17555555555555558, 0.1688888888888889, 0.6622222222222223, 0.8244444444444444]], "class": 1}