{"image": "S065-01-t10_01.jpg", "bboxes": [[0.32666666666666666, 0.38, 0.8133333333333334, 1.0]], "class": 1}