{"image": "S065-01-t10_01.jpg", "bboxes": [[0.19999999999999996, 0.2, 0.6866666666666666, 0.8555555555555555]], "class": 1}