{"image": "S065-01-t10_01.jpg", "bboxes": [[0.19999999999999996, 0.36666666666666664, 0.6866666666666666, 1.0]], "class": 1}