{"image": "S065-01-t10_01.jpg", "bboxes": [[0.1711111111111111, 0.15555555555555556, 0.6577777777777778, 0.8111111111111111]], "class": 1}