{"image": "S065-01-t10_01.jpg", "bboxes": [[0.21333333333333337, 0.05777777777777782, 0.7, 0.7133333333333334]], "class": 1}