{"image": "S065-01-t10_01.jpg", "bboxes": [[0.15333333333333332, 0.32666666666666666, 0.64, 0.9822222222222222]], "class": 1}