{"image": "S065-01-t10_01.jpg", "bboxes": [[0.3288888888888889, 0.24666666666666667, 0.8155555555555556, 0.9022222222222223]], "class": 1}