{"image": "S065-01-t10_01.jpg", "bboxes": [[0.15555555555555556, 0.10888888888888892, 0.6422222222222222, 0.7644444444444445]], "class": 1}