{"image": "S065-01-t10_01.jpg", "bboxes": [[0.30444444444444446, 0.25111111111111106, 0.7911111111111111, 0.9066666666666666]], "class": 1}