{"image": "S065-01-t10_01.jpg", "bboxes": [[0.3377777777777778, 0.0, 0.8244444444444444, 0.6266666666666667]], "class": 1}