{"image": "S065-01-t10_01.jpg", "bboxes": [[0.18222222222222217, 0.23333333333333328, 0.6688888888888889, 0.8888888888888888]], "class": 1}