{"image": "S065-01-t10_01.jpg", "bboxes": [[0.3088888888888889, 0.24444444444444446, 0.7955555555555556, 0.9]], "class": 1}