{"image": "S065-01-t10_01.jpg", "bboxes": [[0.15111111111111108, 0.2822222222222222, 0.6377777777777778, 0.9377777777777778]], "class": 1}