{"image": "S065-01-t10_01.jpg", "bboxes": [[0.30666666666666664, 0.13333333333333333, 0.7933333333333333, 0.7888888888888889]], "class": 1}