{"image": "S065-01-t10_01.jpg", "bboxes": [[0.17555555555555558, 0.33111111111111113, 0.6622222222222223, 0.9866666666666667]], "class": 1}