{"image": "S065-01-t10_01.jpg", "bboxes": [[0.29555555555555557, 0.0, 0.7822222222222223, 0.5955555555555556]], "class": 1}