{"image": "S065-01-t10_01.jpg", "bboxes": [[0.35333333333333333, 0.0, 0.84, 0.5977777777777777]], "class": 1}