{"image": "S065-01-t10_01.jpg", "bboxes": [[0.1711111111111111, 0.1288888888888889, 0.6577777777777778, 0.7844444444444445]], "class": 1}