{"image": "S065-01-t10_01.jpg", "bboxes": [[0.18000000000000005, 0.10666666666666669, 0.6666666666666667, 0.7622222222222222]], "class": 1}