{"image": "S065-01-t10_01.jpg", "bboxes": [[0.32, 0.3888888888888889, 0.8066666666666666, 1.0]], "class": 1}