{"image": "S065-01-t10_01.jpg", "bboxes": [[0.18666666666666665, 0.0822222222222222, 0.6733333333333333, 0.7377777777777778]], "class": 1}