{"image": "S065-01-t10_01.jpg", "bboxes": [[0.32666666666666666, 0.11777777777777776, 0.8133333333333334, 0.7733333333333333]], "class": 1}