{"image": "S065-01-t10_01.jpg", "bboxes": [[0.31555555555555553, 0.20666666666666667, 0.8022222222222222, 0.8622222222222222]], "class": 1}