{"image": "S065-01-t10_01.jpg", "bboxes": [[0.1955555555555556, 0.22666666666666666, 0.6822222222222223, 0.8822222222222222]], "class": 1}