{"image": "S076-02-t10_01.jpg", "bboxes": [[0.2866666666666666, 0.0, 0.8044444444444444, 0.6266666666666667]], "class": 1}