{"image": "S076-02-t10_01.jpg", "bboxes": [[0.2111111111111111, 0.18222222222222217, 0.7288888888888889, 0.8711111111111112]], "class": 1}