{"image": "S076-02-t10_01.jpg", "bboxes": [[0.21777777777777776, 0.3866666666666667, 0.7355555555555555, 1.0]], "class": 1}