{"image": "S076-02-t10_01.jpg", "bboxes": [[0.26222222222222225, 0.23555555555555555, 0.78, 0.9244444444444444]], "class": 1}