{"image": "S076-02-t10_01.jpg", "bboxes": [[0.25555555555555554, 0.20444444444444443, 0.7733333333333333, 0.8933333333333333]], "class": 1}