{"image": "S076-02-t10_01.jpg", "bboxes": [[0.2866666666666666, 0.21111111111111114, 0.8044444444444444, 0.9]], "class": 1}