{"image": "S076-02-t10_01.jpg", "bboxes": [[0.23777777777777775, 0.07777777777777778, 0.7555555555555555, 0.7666666666666667]], "class": 1}