{"image": "S076-02-t10_01.jpg", "bboxes": [[0.19777777777777777, 0.13111111111111107, 0.7155555555555555, 0.8200000000000001]], "class": 1}