{"image": "S076-02-t10_01.jpg", "bboxes": [[0.25111111111111106, 0.19111111111111112, 0.768888888888889, 0.88]], "class": 1}