{"image": "S076-02-t10_01.jpg", "bboxes": [[0.24444444444444444, 0.08888888888888889, 0.7622222222222222, 0.7777777777777778]], "class": 1}