{"image": "S076-02-t10_01.jpg", "bboxes": [[0.2088888888888889, 0.0, 0.7266666666666667, 0.6555555555555556]], "class": 1}