{"image": "S076-02-t10_01.jpg", "bboxes": [[0.2844444444444445, 0.37111111111111106, 0.8022222222222222, 1.0]], "class": 1}