{"image": "S076-02-t10_01.jpg", "bboxes": [[0.24, 0.35111111111111115, 0.7577777777777778, 1.0]], "class": 1}