{"image": "S076-02-t10_01.jpg", "bboxes": [[0.23333333333333334, 0.2844444444444445, 0.7511111111111111, 0.9733333333333334]], "class": 1}