{"image": "S076-02-t10_01.jpg", "bboxes": [[0.2466666666666667, 0.0, 0.7644444444444445, 0.6488888888888888]], "class": 1}