{"image": "S076-02-t10_01.jpg", "bboxes": [[0.2, 0.035555555555555556, 0.7177777777777777, 0.7244444444444444]], "class": 1}