{"image": "S076-02-t10_01.jpg", "bboxes": [[0.24222222222222223, 0.26, 0.76, 0.9488888888888889]], "class": 1}