{"image": "S076-02-t10_01.jpg", "bboxes": [[0.29555555555555557, 0.2155555555555555, 0.8133333333333334, 0.9044444444444444]], "class": 1}