{"image": "S076-02-t10_01.jpg", "bboxes": [[0.23555555555555555, 0.08666666666666667, 0.7533333333333333, 0.7755555555555556]], "class": 1}