{"image": "S076-02-t10_01.jpg", "bboxes": [[0.2533333333333333, 0.09777777777777778, 0.7711111111111111, 0.7866666666666666]], "class": 1}