{"image": "S076-02-t10_01.jpg", "bboxes": [[0.2222222222222222, 0.1711111111111111, 0.74, 0.86]], "class": 1}