{"image": "S076-02-t10_01.jpg", "bboxes": [[0.23777777777777775, 0.0, 0.7555555555555555, 0.6111111111111112]], "class": 1}