{"image": "S076-02-t10_01.jpg", "bboxes": [[0.23777777777777778, 0.09555555555555556, 0.7555555555555555, 0.7844444444444445]], "class": 1}