{"image": "S076-02-t10_01.jpg", "bboxes": [[0.25555555555555554, 0.2, 0.7733333333333333, 0.8888888888888888]], "class": 1}