{"image": "S076-02-t10_01.jpg", "bboxes": [[0.22, 0.14666666666666667, 0.7377777777777778, 0.8355555555555556]], "class": 1}