{"image": "S076-02-t10_01.jpg", "bboxes": [[0.20666666666666667, 0.08666666666666667, 0.7244444444444444, 0.7755555555555556]], "class": 1}