{"image": "S076-02-t10_01.jpg", "bboxes": [[0.26888888888888884, 0.07333333333333336, 0.7866666666666666, 0.7622222222222222]], "class": 1}