{"image": "S076-02-t10_01.jpg", "bboxes": [[0.28222222222222226, 0.15555555555555556, 0.8, 0.8444444444444444]], "class": 1}