{"image": "S076-02-t10_01.jpg", "bboxes": [[0.28, 0.2711111111111111, 0.7977777777777778, 0.96]], "class": 1}