{"image": "S076-02-t10_01.jpg", "bboxes": [[0.26888888888888884, 0.13777777777777778, 0.7866666666666666, 0.8266666666666667]], "class": 1}