{"image": "S076-02-t10_01.jpg", "bboxes": [[0.19777777777777777, 0.1577777777777778, 0.7155555555555555, 0.8466666666666667]], "class": 1}