{"image": "S076-02-t10_01.jpg", "bboxes": [[0.24444444444444444, 0.11333333333333329, 0.7622222222222222, 0.8022222222222222]], "class": 1}