{"image": "S076-02-t10_01.jpg", "bboxes": [[0.23777777777777778, 0.12, 0.7555555555555555, 0.8088888888888889]], "class": 1}