{"image": "S076-02-t10_01.jpg", "bboxes": [[0.2111111111111111, 0.09111111111111114, 0.7288888888888889, 0.78]], "class": 1}