{"image": "S076-02-t10_01.jpg", "bboxes": [[0.2911111111111111, 0.14666666666666667, 0.8088888888888889, 0.8355555555555556]], "class": 1}