{"image": "S076-02-t10_01.jpg", "bboxes": [[0.2711111111111111, 0.0, 0.7888888888888889, 0.6177777777777778]], "class": 1}