{"image": "S076-02-t10_01.jpg", "bboxes": [[0.2777777777777778, 0.35111111111111115, 0.7955555555555556, 1.0]], "class": 1}