{"image": "S076-02-t10_01.jpg", "bboxes": [[0.2666666666666667, 0.0822222222222222, 0.7844444444444445, 0.7711111111111111]], "class": 1}