{"image": "S076-02-t10_01.jpg", "bboxes": [[0.2288888888888889, 0.0, 0.7466666666666667, 0.6822222222222222]], "class": 1}