{"image": "S076-02-t10_01.jpg", "bboxes": [[0.2644444444444445, 0.06, 0.7822222222222223, 0.7488888888888889]], "class": 1}