{"image": "S076-02-t10_01.jpg", "bboxes": [[0.24, 0.23555555555555552, 0.7577777777777778, 0.9244444444444444]], "class": 1}