{"image": "S076-02-t10_01.jpg", "bboxes": [[0.24888888888888888, 0.23333333333333334, 0.7666666666666667, 0.9222222222222223]], "class": 1}