{"image": "S076-02-t10_01.jpg", "bboxes": [[0.29333333333333333, 0.31999999999999995, 0.8111111111111111, 1.0]], "class": 1}