{"image": "S076-02-t10_01.jpg", "bboxes": [[0.2577777777777778, 0.20666666666666667, 0.7755555555555556, 0.8955555555555555]], "class": 1}