{"image": "S076-02-t10_01.jpg", "bboxes": [[0.24, 0.18222222222222223, 0.7577777777777778, 0.8711111111111111]], "class": 1}