{"image": "S076-02-t10_01.jpg", "bboxes": [[0.2533333333333333, 0.3422222222222222, 0.7711111111111111, 1.0]], "class": 1}