{"image": "S076-02-t10_01.jpg", "bboxes": [[0.2644444444444445, 0.16888888888888887, 0.7822222222222223, 0.8577777777777778]], "class": 1}