{"image": "S076-02-t10_01.jpg", "bboxes": [[0.19555555555555557, 0.33333333333333337, 0.7133333333333334, 1.0]], "class": 1}