{"image": "S076-02-t10_01.jpg", "bboxes": [[0.2911111111111111, 0.10444444444444445, 0.8088888888888889, 0.7933333333333333]], "class": 1}