{"image": "S076-02-t10_01.jpg", "bboxes": [[0.23333333333333334, 0.2222222222222222, 0.7511111111111111, 0.9111111111111111]], "class": 1}