{"image": "S076-02-t10_01.jpg", "bboxes": [[0.28888888888888886, 0.1, 0.8066666666666666, 0.7888888888888889]], "class": 1}