{"image": "S076-02-t10_01.jpg", "bboxes": [[0.24, 0.26, 0.7577777777777778, 0.9488888888888889]], "class": 1}