{"image": "S076-02-t10_01.jpg", "bboxes": [[0.18444444444444444, 0.09111111111111111, 0.7022222222222222, 0.78]], "class": 1}