{"image": "S076-02-t10_01.jpg", "bboxes": [[0.21555555555555556, 0.022222222222222223, 0.7333333333333333, 0.7111111111111111]], "class": 1}