{"image": "S076-02-t10_01.jpg", "bboxes": [[0.23333333333333334, 0.12666666666666668, 0.7511111111111111, 0.8155555555555556]], "class": 1}