{"image": "S078-02-t10_01.jpg", "bboxes": [[0.06222222222222222, 0.5111111111111111, 0.8133333333333334, 1.0]], "class": 1}