{"image": "S078-02-t10_01.jpg", "bboxes": [[0.20222222222222222, 0.0, 0.9533333333333334, 0.5977777777777777]], "class": 1}