{"image": "S078-02-t10_01.jpg", "bboxes": [[0.0, 0.0, 0.7333333333333334, 0.6466666666666666]], "class": 1}