{"image": "S078-02-t10_01.jpg", "bboxes": [[0.0, 0.0, 0.7044444444444444, 0.5422222222222223]], "class": 1}