{"image": "S078-02-t10_01.jpg", "bboxes": [[0.47333333333333333, 0.0, 1.0, 0.4488888888888889]], "class": 1}