{"image": "S078-02-t10_01.jpg", "bboxes": [[0.0, 0.0, 0.4177777777777778, 0.5177777777777778]], "class": 1}