{"image": "S078-02-t10_01.jpg", "bboxes": [[0.38222222222222224, 0.5888888888888889, 1.0, 1.0]], "class": 1}