{"image": "S078-02-t10_01.jpg", "bboxes": [[0.2688888888888889, 0.2777777777777778, 1.0, 1.0]], "class": 1}