{"image": "S078-02-t10_01.jpg", "bboxes": [[0.18666666666666668, 0.19555555555555557, 0.9377777777777778, 1.0]], "class": 1}