{"image": "S078-02-t10_01.jpg", "bboxes": [[0.5822222222222222, 0.18666666666666668, 1.0, 1.0]], "class": 1}