{"image": "S078-02-t10_01.jpg", "bboxes": [[0.1466666666666666, 0.2155555555555555, 0.8977777777777778, 1.0]], "class": 1}