{"image": "S078-02-t10_01.jpg", "bboxes": [[0.18888888888888888, 0.5311111111111111, 0.94, 1.0]], "class": 1}