{"image": "S078-02-t10_01.jpg", "bboxes": [[0.2911111111111111, 0.3977777777777778, 1.0, 1.0]], "class": 1}