{"image": "S078-02-t10_01.jpg", "bboxes": [[0.0, 0.0, 0.7377777777777778, 0.6133333333333333]], "class": 1}