{"image": "S078-02-t10_01.jpg", "bboxes": [[0.0, 0.4377777777777778, 0.48888888888888893, 1.0]], "class": 1}