{"image": "S078-02-t10_01.jpg", "bboxes": [[0.43333333333333335, 0.0, 1.0, 0.9666666666666667]], "class": 1}