{"image": "S078-02-t10_01.jpg", "bboxes": [[0.0, 0.0, 0.5777777777777777, 0.4955555555555555]], "class": 1}