{"image": "S078-02-t10_01.jpg", "bboxes": [[0.16666666666666663, 0.49777777777777776, 0.9177777777777778, 1.0]], "class": 1}