{"image": "S078-02-t10_01.jpg", "bboxes": [[0.31333333333333335, 0.2644444444444444, 1.0, 1.0]], "class": 1}