{"image": "S078-02-t10_01.jpg", "bboxes": [[0.044444444444444446, 0.0, 0.7955555555555556, 0.41555555555555557]], "class": 1}