{"image": "S078-02-t10_01.jpg", "bboxes": [[0.1711111111111111, 0.0, 0.9222222222222223, 0.8022222222222222]], "class": 1}