{"image": "S078-02-t10_01.jpg", "bboxes": [[0.5177777777777778, 0.0, 1.0, 0.7911111111111111]], "class": 1}