{"image": "S078-02-t10_01.jpg", "bboxes": [[0.15555555555555556, 0.0, 0.9066666666666666, 0.5711111111111111]], "class": 1}