{"image": "S078-02-t10_01.jpg", "bboxes": [[0.18888888888888888, 0.0, 0.94, 0.8977777777777778]], "class": 1}