{"image": "S078-02-t10_01.jpg", "bboxes": [[0.033333333333333326, 0.49333333333333335, 0.7844444444444445, 1.0]], "class": 1}