{"image": "S078-02-t10_01.jpg", "bboxes": [[0.0, 0.0, 0.7111111111111111, 0.5044444444444445]], "class": 1}