{"image": "S078-02-t10_01.jpg", "bboxes": [[0.0, 0.16666666666666663, 0.7466666666666667, 1.0]], "class": 1}