{"image": "S078-02-t10_01.jpg", "bboxes": [[0.0, 0.5266666666666666, 0.45333333333333337, 1.0]], "class": 1}