{"image": "S078-02-t10_01.jpg", "bboxes": [[0.5777777777777777, 0.12666666666666668, 1.0, 1.0]], "class": 1}