{"image": "S078-02-t10_01.jpg", "bboxes": [[0.20444444444444443, 0.0, 0.9555555555555556, 0.5244444444444445]], "class": 1}