{"image": "S078-02-t10_01.jpg", "bboxes": [[0.0, 0.47333333333333333, 0.6777777777777778, 1.0]], "class": 1}