{"image": "S078-02-t10_01.jpg", "bboxes": [[0.0, 0.0, 0.7333333333333333, 0.7777777777777778]], "class": 1}