{"image": "S078-02-t10_01.jpg", "bboxes": [[0.07333333333333333, 0.33333333333333337, 0.8244444444444444, 1.0]], "class": 1}