{"image": "S078-02-t10_01.jpg", "bboxes": [[0.17555555555555558, 0.0, 0.9266666666666666, 1.0]], "class": 1}