{"image": "S078-02-t10_01.jpg", "bboxes": [[0.22666666666666668, 0.5622222222222222, 0.9777777777777777, 1.0]], "class": 1}