{"image": "S078-02-t10_01.jpg", "bboxes": [[0.18222222222222223, 0.0, 0.9333333333333333, 0.88]], "class": 1}