{"image": "S078-02-t10_01.jpg", "bboxes": [[0.0, 0.0, 0.6866666666666666, 0.9088888888888889]], "class": 1}