{"image": "S078-02-t10_01.jpg", "bboxes": [[0.2288888888888889, 0.3711111111111111, 0.98, 1.0]], "class": 1}