{"image": "S078-02-t10_01.jpg", "bboxes": [[0.06222222222222222, 0.0, 0.8133333333333334, 0.6888888888888889]], "class": 1}