{"image": "S078-02-t10_01.jpg", "bboxes": [[0.3244444444444444, 0.38222222222222224, 1.0, 1.0]], "class": 1}