{"image": "S078-02-t10_01.jpg", "bboxes": [[0.19777777777777777, 0.22444444444444445, 0.9488888888888889, 1.0]], "class": 1}