{"image": "S078-02-t10_01.jpg", "bboxes": [[0.0822222222222222, 0.4022222222222222, 0.8333333333333334, 1.0]], "class": 1}