{"image": "S078-02-t10_01.jpg", "bboxes": [[0.0, 0.5355555555555556, 0.731111111111111, 1.0]], "class": 1}