{"image": "S078-02-t10_01.jpg", "bboxes": [[0.0, 0.0, 0.7133333333333334, 0.5822222222222222]], "class": 1}