{"image": "S078-02-t10_01.jpg", "bboxes": [[0.18444444444444444, 0.4866666666666667, 0.9355555555555556, 1.0]], "class": 1}