{"image": "S078-02-t10_01.jpg", "bboxes": [[0.0, 0.0, 0.6688888888888889, 0.7644444444444445]], "class": 1}